market,id,conference,edition,field,verdict,ours,page_value,quote,url,why
Cybersecurity,2027-shmoocon-washington,ShmooCon 2027,2027,START DATE,UNSUPPORTED,1/15/2027,,,,no page could be read
Cybersecurity,2027-shmoocon-washington,ShmooCon 2027,2027,CONFERENCE DATES,UNSUPPORTED,"January 15 - January 17, 2027",,,,no page could be read
Cybersecurity,2027-shmoocon-washington,ShmooCon 2027,2027,LOCATION,UNSUPPORTED,"Hilton Washington, Washington, D.C., USA",,,,no page could be read
Cybersecurity,2027-shmoocon-washington,ShmooCon 2027,2027,SUBMISSION DEADLINE,UNSUPPORTED,11/15/2026,,,,no page could be read
Cybersecurity,2027-cybertech-global-tel-aviv-tel-aviv,CyberTech Global Tel Aviv 2027,2027,START DATE,UNSUPPORTED,1/25/2027,,,,"the quote does not state that day, month and year"
Cybersecurity,2027-cybertech-global-tel-aviv-tel-aviv,CyberTech Global Tel Aviv 2027,2027,CONFERENCE DATES,UNSUPPORTED,"January 25 - January 27, 2027",,,,"the quote does not state that day, month and year"
Cybersecurity,2027-cybertech-global-tel-aviv-tel-aviv,CyberTech Global Tel Aviv 2027,2027,LOCATION,UNSUPPORTED,"Expo Tel Aviv (Pavilion 2), Tel Aviv, Israel",city Tel Aviv,"Join us in Tel Aviv for a dynamic three-day conference that connects government officials, industry leaders, academics, and innovative startups from all over the world, fostering a robust global cyber community.",https://www.cybertechisrael.com/,only the city is proven (it agrees); the other part is not
Cybersecurity,2027-cybertech-global-tel-aviv-tel-aviv,CyberTech Global Tel Aviv 2027,2027,SUBMISSION DEADLINE,UNSUPPORTED,11/1/2026,,,,the page states nothing for this field and edition
Cybersecurity,2026-wild-west-hackin-fest-mile-high-denver,Wild West Hackin' Fest @ Mile High 2026,2026,START DATE,UNSUPPORTED,10/21/2026,,,,the page states nothing for this field and edition
Cybersecurity,2026-wild-west-hackin-fest-mile-high-denver,Wild West Hackin' Fest @ Mile High 2026,2026,CONFERENCE DATES,UNSUPPORTED,"October 21 - October 23, 2026",,,,the page states nothing for this field and edition
Cybersecurity,2026-wild-west-hackin-fest-mile-high-denver,Wild West Hackin' Fest @ Mile High 2026,2026,LOCATION,UNSUPPORTED,"Hyatt Regency Denver at Colorado Convention Center, Denver, Colorado, USA",,,,the page states nothing for this field and edition
Cybersecurity,2026-wild-west-hackin-fest-mile-high-denver,Wild West Hackin' Fest @ Mile High 2026,2026,SUBMISSION DEADLINE,UNSUPPORTED,7/1/2026,,,,the page states nothing for this field and edition
Cybersecurity,2026-nullcon-goa-bambolim,Nullcon Goa 2027 (18th Edition),2027,START DATE,AGREES,2/27/2027,2027-02-27,Conference: 27th – 28th February 2027,https://nullcon.net/,"ok (2 ranges on the page; this one is labelled 'ay zero: 26th february 2027 conference:   2027 venue: tba, goa con' by the page)"
Cybersecurity,2026-nullcon-goa-bambolim,Nullcon Goa 2027 (18th Edition),2027,CONFERENCE DATES,AGREES,"February 27 - February 28, 2027",2027-02-27 to 2027-02-28,Conference: 27th – 28th February 2027,https://nullcon.net/,ok
Cybersecurity,2026-nullcon-goa-bambolim,Nullcon Goa 2027 (18th Edition),2027,LOCATION,UNSUPPORTED,"Grand Hyatt Goa, Bambolim, Goa, India",,,,the page states nothing for this field and edition
Cybersecurity,2026-nullcon-goa-bambolim,Nullcon Goa 2027 (18th Edition),2027,SUBMISSION DEADLINE,UNSUPPORTED,10/30/2026,,,,the page states nothing for this field and edition
Cybersecurity,2026-gartner-identity-access-management-summit-las-vegas,Gartner Identity & Access Management Summit 2026,2026,START DATE,UNSUPPORTED,12/7/2026,,,,no page could be read
Cybersecurity,2026-gartner-identity-access-management-summit-las-vegas,Gartner Identity & Access Management Summit 2026,2026,CONFERENCE DATES,UNSUPPORTED,"December 7 - December 9, 2026",,,,no page could be read
Cybersecurity,2026-gartner-identity-access-management-summit-las-vegas,Gartner Identity & Access Management Summit 2026,2026,LOCATION,UNSUPPORTED,"Gaylord Texan Resort & Convention Center, Grapevine, Texas, USA",,,,no page could be read
Cybersecurity,2026-gartner-identity-access-management-summit-las-vegas,Gartner Identity & Access Management Summit 2026,2026,SUBMISSION DEADLINE,UNSUPPORTED,8/31/2026,,,,no page could be read
Cybersecurity,2027-cloud-cyber-security-expo-london-london,Cloud & Cyber Security Expo London 2027,2027,START DATE,DIFFERS,3/3/2027,2027-03-10,WEDNESDAY 10 MARCH 2027 - 09:00 - 17:00,https://www.cloudsecurityexpo.com/,ok
Cybersecurity,2027-cloud-cyber-security-expo-london-london,Cloud & Cyber Security Expo London 2027,2027,CONFERENCE DATES,DIFFERS,"March 3 - March 4, 2027",2027-03-10 to 2027-03-11,WEDNESDAY 10 MARCH 2027 - 09:00 - 17:00 || THURSDAY 11 MARCH 2027 - 09:30 - 17:00,https://www.cloudsecurityexpo.com/,ok
Cybersecurity,2027-cloud-cyber-security-expo-london-london,Cloud & Cyber Security Expo London 2027,2027,LOCATION,DIFFERS,"ExCeL London, London, United Kingdom","city London, country UK",Excel London || The UK's Leading Cyber Security & Cloud Event,https://www.cloudsecurityexpo.com/,differs in country
Cybersecurity,2027-cloud-cyber-security-expo-london-london,Cloud & Cyber Security Expo London 2027,2027,SUBMISSION DEADLINE,UNSUPPORTED,11/15/2026,,,,the page states nothing for this field and edition
Cybersecurity,2026-troopers-heidelberg,Troopers 2026 (Troopers Cybersecurity Conference),2026,START DATE,UNSUPPORTED,6/22/2026,,,,the page states nothing for this field and edition
Cybersecurity,2026-troopers-heidelberg,Troopers 2026 (Troopers Cybersecurity Conference),2026,CONFERENCE DATES,UNSUPPORTED,"June 22 - June 26, 2026",,,,the page states nothing for this field and edition
Cybersecurity,2026-troopers-heidelberg,Troopers 2026 (Troopers Cybersecurity Conference),2026,LOCATION,UNSUPPORTED,"Heidelberg Convention Center, Heidelberg, Germany",,,,the page states nothing for this field and edition
Cybersecurity,2026-troopers-heidelberg,Troopers 2026 (Troopers Cybersecurity Conference),2026,SUBMISSION DEADLINE,UNSUPPORTED,3/1/2026,,,,the page states nothing for this field and edition
Cybersecurity,2027-rsa-conference-san-francisco,RSA Conference 2027 (RSAC 2027),2027,START DATE,UNSUPPORTED,5/17/2027,,,,no page could be read
Cybersecurity,2027-rsa-conference-san-francisco,RSA Conference 2027 (RSAC 2027),2027,CONFERENCE DATES,UNSUPPORTED,"May 17 - May 20, 2027",,,,no page could be read
Cybersecurity,2027-rsa-conference-san-francisco,RSA Conference 2027 (RSAC 2027),2027,LOCATION,UNSUPPORTED,"Moscone Center, San Francisco, California, USA",,,,no page could be read
Cybersecurity,2027-rsa-conference-san-francisco,RSA Conference 2027 (RSAC 2027),2027,SUBMISSION DEADLINE,UNSUPPORTED,10/16/2026,,,,no page could be read
Cybersecurity,2026-security-bsides-austin-austin,Security BSides Austin 2026,2026,START DATE,UNSUPPORTED,11/12/2026,,,,no page could be read
Cybersecurity,2026-security-bsides-austin-austin,Security BSides Austin 2026,2026,CONFERENCE DATES,UNSUPPORTED,"November 12 - November 13, 2026",,,,no page could be read
Cybersecurity,2026-security-bsides-austin-austin,Security BSides Austin 2026,2026,LOCATION,UNSUPPORTED,"JJ Pickle Research Campus, Austin, Texas, USA",,,,no page could be read
Cybersecurity,2026-security-bsides-austin-austin,Security BSides Austin 2026,2026,SUBMISSION DEADLINE,UNSUPPORTED,8/31/2026,,,,no page could be read
Cybersecurity,2026-cyberuk-glasgow,CYBERUK 2026,2026,START DATE,UNSUPPORTED,5/12/2026,,,,the page states nothing for this field and edition
Cybersecurity,2026-cyberuk-glasgow,CYBERUK 2026,2026,CONFERENCE DATES,UNSUPPORTED,"May 12 - May 14, 2026",,,,the page states nothing for this field and edition
Cybersecurity,2026-cyberuk-glasgow,CYBERUK 2026,2026,LOCATION,UNSUPPORTED,"Scottish Event Campus (SEC Glasgow), Glasgow, Scotland, United Kingdom",,,,the page states nothing for this field and edition
Cybersecurity,2026-cyberuk-glasgow,CYBERUK 2026,2026,SUBMISSION DEADLINE,UNSUPPORTED,1/31/2026,,,,the page states nothing for this field and edition
