market,id,conference,field,current,verdict,action,proposed,strength,quote,url,why,note
Cybersecurity,2027-shmoocon-washington,ShmooCon 2027,START DATE,1/15/2027,UNSUPPORTED,KEEP-UNVERIFIED,,no page could be read: nothing to propose,,,no page could be read,
Cybersecurity,2027-shmoocon-washington,ShmooCon 2027,CONFERENCE DATES,"January 15 - January 17, 2027",UNSUPPORTED,KEEP-UNVERIFIED,,no page could be read: nothing to propose,,,no page could be read,
Cybersecurity,2027-shmoocon-washington,ShmooCon 2027,LOCATION,"Hilton Washington, Washington, D.C., USA",UNSUPPORTED,KEEP-UNVERIFIED,,no page could be read: nothing to propose,,,no page could be read,
Cybersecurity,2027-shmoocon-washington,ShmooCon 2027,SUBMISSION DEADLINE,11/15/2026,UNSUPPORTED,KEEP-UNVERIFIED,,no page could be read: nothing to propose,,,no page could be read,
Cybersecurity,2027-cybertech-global-tel-aviv-tel-aviv,CyberTech Global Tel Aviv 2027,START DATE,1/25/2027,UNSUPPORTED,BLANK,,weak: the page was read and does not state it for this edition; it may still be right,,,"the quote does not state that day, month and year",the honest blank for a hint nothing supports
Cybersecurity,2027-cybertech-global-tel-aviv-tel-aviv,CyberTech Global Tel Aviv 2027,CONFERENCE DATES,"January 25 - January 27, 2027",UNSUPPORTED,BLANK,,weak: the page was read and does not state it for this edition; it may still be right,,,"the quote does not state that day, month and year",the honest blank for a hint nothing supports
Cybersecurity,2027-cybertech-global-tel-aviv-tel-aviv,CyberTech Global Tel Aviv 2027,LOCATION,"Expo Tel Aviv (Pavilion 2), Tel Aviv, Israel",UNSUPPORTED,BLANK,,weak: the page was read and does not state it for this edition; it may still be right,"Join us in Tel Aviv for a dynamic three-day conference that connects government officials, industry leaders, academics, and innovative startups from all over the world, fostering a robust global cyber community.",https://www.cybertechisrael.com/,only the city is proven (it agrees); the other part is not,the honest blank for a hint nothing supports
Cybersecurity,2027-cybertech-global-tel-aviv-tel-aviv,CyberTech Global Tel Aviv 2027,SUBMISSION DEADLINE,11/1/2026,UNSUPPORTED,BLANK,,weak: the page was read and does not state it for this edition; it may still be right,,,the page states nothing for this field and edition,the honest blank for a hint nothing supports
Cybersecurity,2026-wild-west-hackin-fest-mile-high-denver,Wild West Hackin' Fest @ Mile High 2026,START DATE,10/21/2026,UNSUPPORTED,BLANK,,weak: the page was read and does not state it for this edition; it may still be right,,,the page states nothing for this field and edition,the honest blank for a hint nothing supports
Cybersecurity,2026-wild-west-hackin-fest-mile-high-denver,Wild West Hackin' Fest @ Mile High 2026,CONFERENCE DATES,"October 21 - October 23, 2026",UNSUPPORTED,BLANK,,weak: the page was read and does not state it for this edition; it may still be right,,,the page states nothing for this field and edition,the honest blank for a hint nothing supports
Cybersecurity,2026-wild-west-hackin-fest-mile-high-denver,Wild West Hackin' Fest @ Mile High 2026,LOCATION,"Hyatt Regency Denver at Colorado Convention Center, Denver, Colorado, USA",UNSUPPORTED,BLANK,,weak: the page was read and does not state it for this edition; it may still be right,,,the page states nothing for this field and edition,the honest blank for a hint nothing supports
Cybersecurity,2026-wild-west-hackin-fest-mile-high-denver,Wild West Hackin' Fest @ Mile High 2026,SUBMISSION DEADLINE,7/1/2026,UNSUPPORTED,BLANK,,weak: the page was read and does not state it for this edition; it may still be right,,,the page states nothing for this field and edition,the honest blank for a hint nothing supports
Cybersecurity,2026-nullcon-goa-bambolim,Nullcon Goa 2027 (18th Edition),LOCATION,"Grand Hyatt Goa, Bambolim, Goa, India",UNSUPPORTED,BLANK,,weak: the page was read and does not state it for this edition; it may still be right,,,the page states nothing for this field and edition,the honest blank for a hint nothing supports
Cybersecurity,2026-nullcon-goa-bambolim,Nullcon Goa 2027 (18th Edition),SUBMISSION DEADLINE,10/30/2026,UNSUPPORTED,BLANK,,weak: the page was read and does not state it for this edition; it may still be right,,,the page states nothing for this field and edition,the honest blank for a hint nothing supports
Cybersecurity,2026-gartner-identity-access-management-summit-las-vegas,Gartner Identity & Access Management Summit 2026,START DATE,12/7/2026,UNSUPPORTED,KEEP-UNVERIFIED,,no page could be read: nothing to propose,,,no page could be read,
Cybersecurity,2026-gartner-identity-access-management-summit-las-vegas,Gartner Identity & Access Management Summit 2026,CONFERENCE DATES,"December 7 - December 9, 2026",UNSUPPORTED,KEEP-UNVERIFIED,,no page could be read: nothing to propose,,,no page could be read,
Cybersecurity,2026-gartner-identity-access-management-summit-las-vegas,Gartner Identity & Access Management Summit 2026,LOCATION,"Gaylord Texan Resort & Convention Center, Grapevine, Texas, USA",UNSUPPORTED,KEEP-UNVERIFIED,,no page could be read: nothing to propose,,,no page could be read,
Cybersecurity,2026-gartner-identity-access-management-summit-las-vegas,Gartner Identity & Access Management Summit 2026,SUBMISSION DEADLINE,8/31/2026,UNSUPPORTED,KEEP-UNVERIFIED,,no page could be read: nothing to propose,,,no page could be read,
Cybersecurity,2027-cloud-cyber-security-expo-london-london,Cloud & Cyber Security Expo London 2027,START DATE,3/3/2027,DIFFERS,REPLACE,3/10/2027,"page states another value, verbatim quote",WEDNESDAY 10 MARCH 2027 - 09:00 - 17:00,https://www.cloudsecurityexpo.com/,ok,
Cybersecurity,2027-cloud-cyber-security-expo-london-london,Cloud & Cyber Security Expo London 2027,CONFERENCE DATES,"March 3 - March 4, 2027",DIFFERS,REPLACE,"March 10 - March 11, 2027","page states another value, verbatim quote",WEDNESDAY 10 MARCH 2027 - 09:00 - 17:00 || THURSDAY 11 MARCH 2027 - 09:30 - 17:00,https://www.cloudsecurityexpo.com/,ok,
Cybersecurity,2027-cloud-cyber-security-expo-london-london,Cloud & Cyber Security Expo London 2027,LOCATION,"ExCeL London, London, United Kingdom",DIFFERS,REPLACE,"city London, country UK","page states another value, verbatim quote",Excel London || The UK's Leading Cyber Security & Cloud Event,https://www.cloudsecurityexpo.com/,differs in country,venue text of the old value is not kept; the reviewer edits by hand
Cybersecurity,2027-cloud-cyber-security-expo-london-london,Cloud & Cyber Security Expo London 2027,SUBMISSION DEADLINE,11/15/2026,UNSUPPORTED,BLANK,,weak: the page was read and does not state it for this edition; it may still be right,,,the page states nothing for this field and edition,the honest blank for a hint nothing supports
Cybersecurity,2026-troopers-heidelberg,Troopers 2026 (Troopers Cybersecurity Conference),START DATE,6/22/2026,UNSUPPORTED,BLANK,,weak: the page was read and does not state it for this edition; it may still be right,,,the page states nothing for this field and edition,the honest blank for a hint nothing supports
Cybersecurity,2026-troopers-heidelberg,Troopers 2026 (Troopers Cybersecurity Conference),CONFERENCE DATES,"June 22 - June 26, 2026",UNSUPPORTED,BLANK,,weak: the page was read and does not state it for this edition; it may still be right,,,the page states nothing for this field and edition,the honest blank for a hint nothing supports
Cybersecurity,2026-troopers-heidelberg,Troopers 2026 (Troopers Cybersecurity Conference),LOCATION,"Heidelberg Convention Center, Heidelberg, Germany",UNSUPPORTED,BLANK,,weak: the page was read and does not state it for this edition; it may still be right,,,the page states nothing for this field and edition,the honest blank for a hint nothing supports
Cybersecurity,2026-troopers-heidelberg,Troopers 2026 (Troopers Cybersecurity Conference),SUBMISSION DEADLINE,3/1/2026,UNSUPPORTED,BLANK,,weak: the page was read and does not state it for this edition; it may still be right,,,the page states nothing for this field and edition,the honest blank for a hint nothing supports
Cybersecurity,2027-rsa-conference-san-francisco,RSA Conference 2027 (RSAC 2027),START DATE,5/17/2027,UNSUPPORTED,KEEP-UNVERIFIED,,no page could be read: nothing to propose,,,no page could be read,
Cybersecurity,2027-rsa-conference-san-francisco,RSA Conference 2027 (RSAC 2027),CONFERENCE DATES,"May 17 - May 20, 2027",UNSUPPORTED,KEEP-UNVERIFIED,,no page could be read: nothing to propose,,,no page could be read,
Cybersecurity,2027-rsa-conference-san-francisco,RSA Conference 2027 (RSAC 2027),LOCATION,"Moscone Center, San Francisco, California, USA",UNSUPPORTED,KEEP-UNVERIFIED,,no page could be read: nothing to propose,,,no page could be read,
Cybersecurity,2027-rsa-conference-san-francisco,RSA Conference 2027 (RSAC 2027),SUBMISSION DEADLINE,10/16/2026,UNSUPPORTED,KEEP-UNVERIFIED,,no page could be read: nothing to propose,,,no page could be read,
Cybersecurity,2026-security-bsides-austin-austin,Security BSides Austin 2026,START DATE,11/12/2026,UNSUPPORTED,KEEP-UNVERIFIED,,no page could be read: nothing to propose,,,no page could be read,
Cybersecurity,2026-security-bsides-austin-austin,Security BSides Austin 2026,CONFERENCE DATES,"November 12 - November 13, 2026",UNSUPPORTED,KEEP-UNVERIFIED,,no page could be read: nothing to propose,,,no page could be read,
Cybersecurity,2026-security-bsides-austin-austin,Security BSides Austin 2026,LOCATION,"JJ Pickle Research Campus, Austin, Texas, USA",UNSUPPORTED,KEEP-UNVERIFIED,,no page could be read: nothing to propose,,,no page could be read,
Cybersecurity,2026-security-bsides-austin-austin,Security BSides Austin 2026,SUBMISSION DEADLINE,8/31/2026,UNSUPPORTED,KEEP-UNVERIFIED,,no page could be read: nothing to propose,,,no page could be read,
Cybersecurity,2026-cyberuk-glasgow,CYBERUK 2026,START DATE,5/12/2026,UNSUPPORTED,BLANK,,weak: the page was read and does not state it for this edition; it may still be right,,,the page states nothing for this field and edition,the honest blank for a hint nothing supports
Cybersecurity,2026-cyberuk-glasgow,CYBERUK 2026,CONFERENCE DATES,"May 12 - May 14, 2026",UNSUPPORTED,BLANK,,weak: the page was read and does not state it for this edition; it may still be right,,,the page states nothing for this field and edition,the honest blank for a hint nothing supports
Cybersecurity,2026-cyberuk-glasgow,CYBERUK 2026,LOCATION,"Scottish Event Campus (SEC Glasgow), Glasgow, Scotland, United Kingdom",UNSUPPORTED,BLANK,,weak: the page was read and does not state it for this edition; it may still be right,,,the page states nothing for this field and edition,the honest blank for a hint nothing supports
Cybersecurity,2026-cyberuk-glasgow,CYBERUK 2026,SUBMISSION DEADLINE,1/31/2026,UNSUPPORTED,BLANK,,weak: the page was read and does not state it for this edition; it may still be right,,,the page states nothing for this field and edition,the honest blank for a hint nothing supports
