EVENT_ID,event,reason
2026-wild-west-hackin-fest-mile-high-denver,Wild West Hackin' Fest @ Mile High 2026,upstream withdrew the citation (past edition); dead in link_checks
2026-owasp-italy-day-cagliari,OWASP Italy Day 2026,upstream withdrew the citation (past edition); dead in link_checks
2026-def-con-34-las-vegas,DEF CON 34,upstream withdrew the citation (past edition); dead in link_checks
2026-first-38th-annual-conference-denver,FIRST 38th Annual Conference 2026,upstream withdrew the citation (past edition); dead in link_checks
2026-bsides-las-vegas-las-vegas,BSides Las Vegas 2026,upstream withdrew the citation (past edition); dead in link_checks
2026-fwd-cloudsec-north-america-bellevue,fwd:cloudsec North America 2026,upstream withdrew the citation (past edition); dead in link_checks
2026-gastech-bangkok,Gastech 2026,upstream withdrew the citation (past edition); dead in link_checks
2026-climate-week-nyc-new-york-city,Climate Week NYC 2026,upstream withdrew the citation (past edition); dead in link_checks
2026-owasp-global-appsec-eu-vienna,OWASP Global AppSec EU 2026,upstream withdrew the citation (past edition); dead in link_checks
2026-owasp-global-appsec-usa-san-francisco,OWASP Global AppSec USA 2026,upstream withdrew the citation; dead in link_checks (the event is still ahead, the call is over)
2027-ces-las-vegas,CES 2027,upstream withdrew the citation; dead in link_checks (the event is still ahead, the call is over)
2026-argus-biofuels-europe-conference-exhibition-london,Argus Biofuels Europe Conference & Exhibition 2026,upstream withdrew the citation (already clear in the database and the approved file on 2026-10-05)
2027-carbon-capture-technology-expo-north-america-houston,Carbon Capture Technology Expo North America 2027,upstream cleared unverified expo evidence to blank (already clear on 2026-10-05)
2027-hydrogen-technology-expo-north-america-houston,Hydrogen Technology Expo North America 2027,upstream cleared unverified expo evidence to blank (already clear on 2026-10-05)
