"id","market","event","field","claimed","proof","proof_url","proof_quote","note","confirmed_value","confirmed_by","confirmed_on"
"B01","Cybersecurity","OWASP AppSec Israel 2026","START DATE","2026-09-24","page-states","https://sessionize.com/owasp-appsec-days-france-2026/","It will take place on Thursday, September 24, 2026 and will be a conference featuring presentations from renowned European speakers and experts.","","","",""
"B01","Cybersecurity","OWASP AppSec Israel 2026","CITY","Paris","page-states","https://owaspappsecdays.fr/2026/","26 est la deuxième conférence locale OWASP organisée à Paris , en France. Elle se tiendra le jeudi 24 septembre 202","named on the page","","",""
"B01","Cybersecurity","OWASP AppSec Israel 2026","COUNTRY","France","page-states","https://owaspappsecdays.fr/2026/","OWASP AppSec Days France 2026 - Conférence Sécurité Applicative OWASP AppSec Da","named on the page","","",""
"B01","Cybersecurity","OWASP AppSec Israel 2026","FORMAT","In-Person","unproven","https://owaspappsecdays.fr/2026/","","words on the pages: online 1, in-person 1","","",""
"B01","Cybersecurity","OWASP AppSec Israel 2026","ORGANIZER","OWASP France","page-states","https://owaspappsecdays.fr/2026/","votre entreprise sur les posters et les annonces de l'OWASP France Logo de votre compagnie sur les badges Prix (net) : 50","named on the page","","",""
"B01","Cybersecurity","OWASP AppSec Israel 2026","EDITION","2026","page-states","https://owaspappsecdays.fr/2026/","OWASP AppSec Days France 2026 - Conférence Sécurité Applicative OWASP AppSec Days Fr","edition year in the page heading","","",""
"B01","Cybersecurity","OWASP AppSec Israel 2026","DEADLINE (benchmark key: closed)","2026-05-07","see benchmark","https://appsecil.org/","","Homepage date block shows literal word 'closed' in the CFP field; no calendar date for CFP close or notification is published. Event date 2026-10-06 excluded pe","","benchmark key","2026-10-02"
"B02","Cybersecurity","AppSec Village at DEF CON 34","START DATE","2026-08-07","page-states","https://www.appsecvillage.com/","August 7-9, 2026","the date is printed on the page with no 'held' or 'takes place' word beside it","","",""
"B02","Cybersecurity","AppSec Village at DEF CON 34","CITY","Las Vegas","page-states","https://sessionize.com/appsec-village-def-con-34/","event starts 7 Aug 2026 event ends 9 Aug 2026 location Las Vegas Convention Center, West Hall Level 2 Las Vegas, Nevada","named on the page","","",""
"B02","Cybersecurity","AppSec Village at DEF CON 34","COUNTRY","USA","unproven","https://www.appsecvillage.com/","","'USA' not found on the readable pages","","",""
"B02","Cybersecurity","AppSec Village at DEF CON 34","FORMAT","In-Person","unproven","https://www.appsecvillage.com/","","words on the pages: in person 1","","",""
"B02","Cybersecurity","AppSec Village at DEF CON 34","ORGANIZER","AppSec Village","page-states","https://www.appsecvillage.com/","e Events Call for Papers CtF Volunteer Support Support AppSec Village Super Fans Sponsors Shop About Us About AppSec Village","named on the page","","",""
"B02","Cybersecurity","AppSec Village at DEF CON 34","EDITION","2026","page-states","https://sessionize.com/appsec-village-def-con-34/","ays ago AppSec Village - DEF CON 34 event starts 7 Aug 2026 event ends 9 Aug 2026 location Las Vegas Convention Ce","edition year in the page heading","","",""
"B02","Cybersecurity","AppSec Village at DEF CON 34","DEADLINE (benchmark key: closed)","2026-05-31","see benchmark","https://www.appsecvillage.com/cfp","","Deadline is the Call for Speakers close for the DEF CON 34 edition. Past deadline, so status closed.","2026-05-31","benchmark key","2026-10-02"
"B03","Cybersecurity","Area41 Security Conference 2026","START DATE","2026-06-18","page-states","https://area41.io/","18 June 2026","the date is printed on the page with no 'held' or 'takes place' word beside it","","",""
"B03","Cybersecurity","Area41 Security Conference 2026","CITY","Dübendorf","page-states","https://area41.io/","tner. Venue https://thehall.ch/ Hoffnigstrasse 1, 8600 Dübendorf, Switzerland Travel TheHall is located near Bahnhof St","named on the page","","",""
"B03","Cybersecurity","Area41 Security Conference 2026","COUNTRY","Switzerland","page-states","https://area41.io/","AREA41: Switzerland's Premier Hacker and Security Conference Home About Us","named on the page","","",""
"B03","Cybersecurity","Area41 Security Conference 2026","FORMAT","In-Person","unproven","https://area41.io/","","words on the pages: online 1","","",""
"B03","Cybersecurity","Area41 Security Conference 2026","ORGANIZER","Swiss DEF CON group chapter DC4131","page-states","https://area41.io/","Area41 is a community-driven, non-profit event by the Swiss DEF CON group chapter DC4131. It is made possible by the countless hours of volunte","named on the page","","",""
"B03","Cybersecurity","Area41 Security Conference 2026","EDITION","2026","page-states","https://area41.io/","dule Tickets Venue Sponsors FAQ 2022 2024 June 18.-19. 2026 The 2026 edition is over - Thank you to everyone Area4","edition year in the page heading","","",""
"B03","Cybersecurity","Area41 Security Conference 2026","DEADLINE (benchmark key: closed)","2026-04-12","see benchmark","https://area41.io/","","Date found in the homepage FAQ accordion. Site banner states 'The 2026 edition is over'. Area41 runs biennially, so no 2027/2028 call is announced.","2026-04-12","benchmark key","2026-10-02"
"B04","Cybersecurity","17th Annual Billington CyberSecurity Summit","START DATE","2026-09-08","unproven","https://billingtoncybersummit.com/","","no date in 2026 beside an event word; no date of that year on the page","","",""
"B04","Cybersecurity","17th Annual Billington CyberSecurity Summit","CITY","Washington","page-states","https://billingtoncybersummit.com/","e In-page links SEPTEMBER 8&ndash;10, 2026 | WALTER E. WASHINGTON CONVENTION CENTER | WASHINGTON, DC Main Banner Reducin","named on the page","","",""
"B04","Cybersecurity","17th Annual Billington CyberSecurity Summit","COUNTRY","USA","unproven","https://billingtoncybersummit.com/","","'USA' not found on the readable pages","","",""
"B04","Cybersecurity","17th Annual Billington CyberSecurity Summit","FORMAT","In-Person","unproven","https://billingtoncybersummit.com/","","words on the pages: ","","",""
"B04","Cybersecurity","17th Annual Billington CyberSecurity Summit","ORGANIZER","Billington CyberSecurity","page-states","https://billingtoncybersummit.com/","Skip to main content Main navigation About 17th Annual Billington CyberSecurity Summit News Coverage About the Summit Background and F","named on the page","","",""
"B04","Cybersecurity","17th Annual Billington CyberSecurity Summit","EDITION","2026","page-states","https://billingtoncybersummit.com/","tics Register Home In-page links SEPTEMBER 8&ndash;10, 2026 | WALTER E. WASHINGTON CONVENTION CENTER | WASHINGTON,","edition year in the page heading","","",""
"B04","Cybersecurity","17th Annual Billington CyberSecurity Summit","DEADLINE (benchmark key: not_yet_announced)","","see benchmark","https://billingtoncybersummit.com/speakers/2026-speakers","","Billington 17th Summit ended; no call published for the next one. Models disagreed: free=not_yet_announced, gpt medium=closed, gpt xhigh=closed.","","benchmark key","2026-10-02"
"B05","Cybersecurity","SecTor 2026","START DATE","2026-10-06","unreadable","","","no page read","","",""
"B05","Cybersecurity","SecTor 2026","CITY","Toronto","unreadable","","","no page read","","",""
"B05","Cybersecurity","SecTor 2026","COUNTRY","Canada","unreadable","","","no page read","","",""
"B05","Cybersecurity","SecTor 2026","FORMAT","In-Person","unreadable","","","no page read","","",""
"B05","Cybersecurity","SecTor 2026","ORGANIZER","Informa Tech","unreadable","","","no page read","","",""
"B05","Cybersecurity","SecTor 2026","EDITION","2026","unreadable","","","no page read","","",""
"B05","Cybersecurity","SecTor 2026","DEADLINE (benchmark key: closed)","2026-05-26","see benchmark","https://blackhat.com/call-for-papers.html","","SecTor 2026 appears under the 'Closed:' heading with footer 'SUBMISSIONS CLOSED'. Year is not printed next to April 1 / May 26 but the block is labelled SecTor ","2026-05-26","benchmark key","2026-10-02"
"B06","Cybersecurity","Black Hat USA 2026","START DATE","2026-08-01","unreadable","","","no page read","","",""
"B06","Cybersecurity","Black Hat USA 2026","CITY","Las Vegas","unreadable","","","no page read","","",""
"B06","Cybersecurity","Black Hat USA 2026","COUNTRY","USA","unreadable","","","no page read","","",""
"B06","Cybersecurity","Black Hat USA 2026","FORMAT","In-Person","unreadable","","","no page read","","",""
"B06","Cybersecurity","Black Hat USA 2026","ORGANIZER","Informa Tech","unreadable","","","no page read","","",""
"B06","Cybersecurity","Black Hat USA 2026","EDITION","2026","unreadable","","","no page read","","",""
"B06","Cybersecurity","Black Hat USA 2026","DEADLINE (benchmark key: closed)","2026-03-23","see benchmark","https://blackhat.com/call-for-papers.html","","Input URL /us-26/ has no CFP link; deadline read from the central Black Hat Call for Briefings page, which lists USA 2026 under a 'Closed:' heading. USA 2027 CF","2026-03-23","benchmark key","2026-10-02"
"B07","Cybersecurity","BSides Las Vegas 2026","START DATE","2026-08-03","unproven","https://bsideslv.org/","","no date in 2026 beside an event word; no date of that year on the page","","",""
"B07","Cybersecurity","BSides Las Vegas 2026","CITY","Las Vegas","page-states","https://bsideslv.org/","BSides Las Vegas About About Security BSides BoD & Staff Speakers Talks","named on the page","","",""
"B07","Cybersecurity","BSides Las Vegas 2026","COUNTRY","USA","unproven","https://bsideslv.org/","","'USA' not found on the readable pages","","",""
"B07","Cybersecurity","BSides Las Vegas 2026","FORMAT","In-Person","unproven","https://bsideslv.org/","","words on the pages: ","","",""
"B07","Cybersecurity","BSides Las Vegas 2026","ORGANIZER","Security BSides Las Vegas, Inc.","page-states","https://bsideslv.org/","ening now Code of Conduct & Photo Policy @BSidesLV --> Security BSides Las Vegas, Inc. is a federally recognized 501(c)(3) since 2012 &","named on the page","","",""
"B07","Cybersecurity","BSides Las Vegas 2026","EDITION","2026","page-states","https://bsideslv.org/","BSLV Year-Round Thank you for making BSides Las Vegas 2026 a wonderful event! Check out our YouTube channel for i","edition year in the page heading","","",""
"B07","Cybersecurity","BSides Las Vegas 2026","DEADLINE (benchmark key: closed)","2026-05-08","see benchmark","https://bsideslv.org/cfp","","Year inferred as 2026 from the event being BSidesLV 2026; the page prints only 'May 8th' without a year. Home page says 'Thank you for making BSides Las Vegas 2","2026-05-08","benchmark key","2026-10-02"
"B08","Cybersecurity","Cloud & Cyber Security Expo London 2027","START DATE","2027-03-10","page-states","https://www.techshowlondon.co.uk/call-for-papers","Held on 10 March 2027 - 11 March 2027 at Excel London , the event connects 19,250+ decision-makers across AI, cloud, cybersecurity, and more.","","","",""
"B08","Cybersecurity","Cloud & Cyber Security Expo London 2027","CITY","London","page-states","https://www.cloudsecurityexpo.com/","Cloud & Cyber Security Expo London 2027 | The UK's Leading Cyber Security & Cloud Event 1","named on the page","","",""
"B08","Cybersecurity","Cloud & Cyber Security Expo London 2027","COUNTRY","United Kingdom","unproven","https://www.cloudsecurityexpo.com/","","'United Kingdom' not found on the readable pages","","",""
"B08","Cybersecurity","Cloud & Cyber Security Expo London 2027","FORMAT","In-Person","unproven","https://www.cloudsecurityexpo.com/","","words on the pages: ","","",""
"B08","Cybersecurity","Cloud & Cyber Security Expo London 2027","ORGANIZER","CloserStill Media","page-states","https://www.cloudsecurityexpo.com/","CT US REGISTER YOUR INTEREST EXHIBIT AT THE SHOW ABOUT CLOSERSTILL MEDIA NEWSLETTER SUBSCRIBE TO OUR NEWSLETTER UPDATE YOUR EMA","named on the page","","",""
"B08","Cybersecurity","Cloud & Cyber Security Expo London 2027","EDITION","2027","page-states","https://www.cloudsecurityexpo.com/","Cloud & Cyber Security Expo London 2027 | The UK's Leading Cyber Security & Cloud Event 10 - 1","edition year in the page heading","","",""
"B08","Cybersecurity","Cloud & Cyber Security Expo London 2027","DEADLINE (benchmark key: open)","","see benchmark","https://www.techshowlondon.co.uk/apply-to-speak-2027","","cloudsecurityexpo.com redirects to techshowlondon.co.uk (Cloud & Cyber Security Expo is a co-located show). The 2027 speaker form (HubSpot iframe) is live and a","","benchmark key","2026-10-02"
"B09","Cybersecurity","CrowdStrike Fal.Con 2026","START DATE","2026-08-31","unproven","https://www.crowdstrike.com/en-us/events/fal-con/las-vegas/","","no date in 2026 beside an event word; no date of that year on the page","","",""
"B09","Cybersecurity","CrowdStrike Fal.Con 2026","CITY","Las Vegas","page-states","https://www.crowdstrike.com/en-us/events/fal-con/las-vegas/","Fal.Con Las Vegas | CrowdStrike Announcements Highlights Agenda Speakers","named on the page","","",""
"B09","Cybersecurity","CrowdStrike Fal.Con 2026","COUNTRY","USA","unproven","https://www.crowdstrike.com/en-us/events/fal-con/las-vegas/","","'USA' not found on the readable pages","","",""
"B09","Cybersecurity","CrowdStrike Fal.Con 2026","FORMAT","Hybrid","unproven","https://www.crowdstrike.com/en-us/events/fal-con/las-vegas/","","words on the pages: online 1","","",""
"B09","Cybersecurity","CrowdStrike Fal.Con 2026","ORGANIZER","CrowdStrike","page-states","https://www.crowdstrike.com/en-us/events/fal-con/las-vegas/","Fal.Con Las Vegas | CrowdStrike Announcements Highlights Agenda Speakers Keynote Speak","named on the page","","",""
"B09","Cybersecurity","CrowdStrike Fal.Con 2026","EDITION","2026","page-states","https://www.crowdstrike.com/en-us/events/fal-con/las-vegas/","gas Watch Day 1 Watch Day 2 Watch Day 3 &lt;br>Fal.Con 2026 united the Crowd around one mission: securing the AI r","edition year in the page heading","","",""
"B09","Cybersecurity","CrowdStrike Fal.Con 2026","DEADLINE (benchmark key: no_call_exists)","","see benchmark","https://www.crowdstrike.com/en-us/events/fal-con/las-vegas/","","No call-for-speakers or call-for-papers link anywhere in the site nav (checked full link list on both /fal-con/ and /fal-con/las-vegas/, which renders the same ","","benchmark key","2026-10-02"
"B10","Cybersecurity","CYBERUK 2026","START DATE","2026-04-21","unproven","https://www.cyberuk.uk/","","no date in 2026 beside an event word; no date of that year on the page","","",""
"B10","Cybersecurity","CYBERUK 2026","CITY","Glasgow","unproven","https://www.cyberuk.uk/","","'Glasgow' not found on the readable pages","","",""
"B10","Cybersecurity","CYBERUK 2026","COUNTRY","United Kingdom","unproven","https://www.cyberuk.uk/","","'United Kingdom' not found on the readable pages","","",""
"B10","Cybersecurity","CYBERUK 2026","FORMAT","In-Person","unproven","https://www.cyberuk.uk/","","words on the pages: online 1","","",""
"B10","Cybersecurity","CYBERUK 2026","ORGANIZER","National Cyber Security Centre (NCSC)","unproven","https://www.cyberuk.uk/","","'National Cyber Security Centre (NCSC)' not found on the readable pages","","",""
"B10","Cybersecurity","CYBERUK 2026","EDITION","2026","unproven","https://www.cyberuk.uk/","","edition year not in the first 600 characters","","",""
"B10","Cybersecurity","CYBERUK 2026","DEADLINE (benchmark key: not_yet_announced)","","see benchmark","https://www.cyberuk.uk/","","Input row says CYBERUK 2026; the site now serves CYBERUK 2027 and CYBERUK 2026 is a look-back. No CFP page exists in the 2027 nav (About, Sponsor & Exhibit, CYB","","benchmark key","2026-10-02"
"B11","Cybersecurity","DEF CON Singapore 2026 (Inaugural Edition)","START DATE","2026-04-28","unreadable","","","no page read","","",""
"B11","Cybersecurity","DEF CON Singapore 2026 (Inaugural Edition)","CITY","Singapore","unreadable","","","no page read","","",""
"B11","Cybersecurity","DEF CON Singapore 2026 (Inaugural Edition)","COUNTRY","Singapore","unreadable","","","no page read","","",""
"B11","Cybersecurity","DEF CON Singapore 2026 (Inaugural Edition)","FORMAT","In-Person","unreadable","","","no page read","","",""
"B11","Cybersecurity","DEF CON Singapore 2026 (Inaugural Edition)","ORGANIZER","DEF CON Communications, Inc.","unreadable","","","no page read","","",""
"B11","Cybersecurity","DEF CON Singapore 2026 (Inaugural Edition)","EDITION","2026","unreadable","","","no page read","","",""
"B11","Cybersecurity","DEF CON Singapore 2026 (Inaugural Edition)","DEADLINE (benchmark key: closed)","2026-02-15","see benchmark","https://defcon.org/html/defcon-singapore/dc-singapore-cfp.html","","Site nav 'Open Calls' shows 'All Calls Closed'. Related but distinct calls seen on the index page: Call for Trainers (Nov 10) and Call for Hosts Hacker Jeopardy","2026-02-15","benchmark key","2026-10-02"
"B12","Cybersecurity","OWASP German Chapter Conference (German OWASP Day 2026)","START DATE","2027-04-03","unreadable","","","no page read","","",""
"B12","Cybersecurity","OWASP German Chapter Conference (German OWASP Day 2026)","CITY","Boston","unreadable","","","no page read","","",""
"B12","Cybersecurity","OWASP German Chapter Conference (German OWASP Day 2026)","COUNTRY","USA","unreadable","","","no page read","","",""
"B12","Cybersecurity","OWASP German Chapter Conference (German OWASP Day 2026)","FORMAT","In-Person","unreadable","","","no page read","","",""
"B12","Cybersecurity","OWASP German Chapter Conference (German OWASP Day 2026)","ORGANIZER","","no claim","","","","","",""
"B12","Cybersecurity","OWASP German Chapter Conference (German OWASP Day 2026)","EDITION","2027","unreadable","","","no page read","","",""
"B12","Cybersecurity","OWASP German Chapter Conference (German OWASP Day 2026)","DEADLINE (benchmark key: closed)","2027-01-15","see benchmark","https://god.owasp.de/2026/cfp.html","","German-language page; original text uses '21. Juni 2026, 23:59'. Submission platform is EasyChair.","2026-06-21","benchmark key","2026-10-02"
"B13","Cybersecurity","Infosecurity Europe 2026","START DATE","2026-06-02","unproven","https://www.infosecurityeurope.com/","","no date in 2026 beside an event word; no date of that year on the page","","",""
"B13","Cybersecurity","Infosecurity Europe 2026","CITY","London","page-states","https://www.infosecurityeurope.com/","fosecurity Europe Skip to content 8-10 June 2027 Excel London Register interest Exhibitor enquiry About Advisory cou","named on the page","","",""
"B13","Cybersecurity","Infosecurity Europe 2026","COUNTRY","United Kingdom","page-states","https://www.infosecurityeurope.com/en-gb/visit/venue-and-travel.html","t. More information Visa Information On arrival in the United Kingdom, you must show a valid national passport or other equi","named on the page","","",""
"B13","Cybersecurity","Infosecurity Europe 2026","FORMAT","In-Person","unproven","https://www.infosecurityeurope.com/","","words on the pages: ","","",""
"B13","Cybersecurity","Infosecurity Europe 2026","ORGANIZER","RX","page-states","https://www.infosecurityeurope.com/","ube Privacy Options Cookie Policy Your Privacy Choices RX Global Privacy Policy Cookie Settings Show Information","named on the page","","",""
"B13","Cybersecurity","Infosecurity Europe 2026","EDITION","2026","unproven","https://www.infosecurityeurope.com/","","edition year not in the first 600 characters","","",""
"B13","Cybersecurity","Infosecurity Europe 2026","DEADLINE (benchmark key: not_yet_announced)","","see benchmark","https://www.infosecurityeurope.com/en-gb/conference-programme/call-for-speakers.html","","2026 call closed (""Submissions Closed""); no 2027 call published. Edition: 2027. Was: closed. Relabelled under brief 01 rule 7a (edition rule), 2026-10-02; the f","","benchmark key","2026-10-02"
"B14","Cybersecurity","it-sa Expo & Congress 2026","START DATE","2026-10-27","page-states","https://www.itsa365.de/en/it-sa-expo-congress","27 - 29 October 2026","the date is printed on the page with no 'held' or 'takes place' word beside it","","",""
"B14","Cybersecurity","it-sa Expo & Congress 2026","CITY","Nuremberg","page-states","https://www.itsa365.de/en/it-sa-expo-congress","ons in the IT Security Industry 27 - 29 October 2026 | Nuremberg, Germany Inform now it-sa Security Newsletter Contact","named on the page","","",""
"B14","Cybersecurity","it-sa Expo & Congress 2026","COUNTRY","Germany","page-states","https://www.itsa365.de/en/it-sa-expo-congress","IT Security Industry 27 - 29 October 2026 | Nuremberg, Germany Inform now it-sa Security Newsletter Contact it-sa Exp","named on the page","","",""
"B14","Cybersecurity","it-sa Expo & Congress 2026","FORMAT","In-Person","unproven","https://www.itsa365.de/en/it-sa-expo-congress","","words on the pages: online 1","","",""
"B14","Cybersecurity","it-sa Expo & Congress 2026","ORGANIZER","NürnbergMesse GmbH","page-states","https://www.itsa365.de/en/it-sa-expo-congress","! close it-sa@nuernbergmesse.de +49 9118606-9595 place NürnbergMesse GmbH Messezentrum 1 90471 Nürnberg, Germany Imprint Data Pr","named on the page","","",""
"B14","Cybersecurity","it-sa Expo & Congress 2026","EDITION","2026","page-states","https://www.itsa365.de/en/it-sa-expo-congress","SCH ENGLISH it-sa 365 - All year round 27 - 29 October 2026 | onsite & online search person arrow_back_ios Back it","edition year in the page heading","","",""
"B14","Cybersecurity","it-sa Expo & Congress 2026","DEADLINE (benchmark key: closed)","","see benchmark","https://www.itsa365.de/en/news-knowledge/2026/05/time-for-security-innovations","","This is an award nomination deadline, not a speaking deadline. No public Call for Papers for it-sa Insights or Congress@it-sa sessions was found on itsa365.de (","2026-06-30","benchmark key","2026-10-02"
"B15","Cybersecurity","Nullcon Goa 2027","START DATE","","no claim","","","","","",""
"B15","Cybersecurity","Nullcon Goa 2027","CITY","Grand Hyatt Goa","unproven","https://nullcon.net/","","'Grand Hyatt Goa' not found on the readable pages","","",""
"B15","Cybersecurity","Nullcon Goa 2027","COUNTRY","India","page-states","https://nullcon.net/","ersecurity community. Col Tarun Uppal Director (NCTC), Indian Cyber Crime Coordination Centre (I4C), Ministry of Ho","named on the page","","",""
"B15","Cybersecurity","Nullcon Goa 2027","FORMAT","In-Person","unproven","https://nullcon.net/","","words on the pages: online 1","","",""
"B15","Cybersecurity","Nullcon Goa 2027","ORGANIZER","","no claim","","","","","",""
"B15","Cybersecurity","Nullcon Goa 2027","EDITION","2027","page-states","https://nullcon.net/","w Delhi 2026 🏠 Overview 📚 Trainings 💵 Registration Goa 2027 🏠 The Event 💵 Registration 📚 Trainings ✍️ Call For Pap","edition year in the page heading","","",""
"B15","Cybersecurity","Nullcon Goa 2027","DEADLINE (benchmark key: open)","2026-10-30","see benchmark","https://nullcon.net/event/nullcon-goa-2027/call-for-papers/","","CFP is currently open and the closing date is still ahead of today. Submission platform link 'Submit Research' on the page (not opened - read-only, no form entr","2026-10-30","benchmark key","2026-10-02"
"B16","Cybersecurity","OWASP Italy Day 2026","START DATE","2026-06-17","unproven","https://owasp.org/www-chapter-italy/","","no date in 2026 beside an event word; no date of that year on the page","","",""
"B16","Cybersecurity","OWASP Italy Day 2026","CITY","Cagliari","unproven","https://owasp.org/www-chapter-italy/","","'Cagliari' not found on the readable pages","","",""
"B16","Cybersecurity","OWASP Italy Day 2026","COUNTRY","Italy","page-states","https://owasp.org/www-chapter-italy/","2026, OWASP Foundation Inc. All rights reserved. OWASP Italy | OWASP Foundation","named on the page","","",""
"B16","Cybersecurity","OWASP Italy Day 2026","FORMAT","In-Person","unproven","https://owasp.org/www-chapter-italy/","","words on the pages: ","","",""
"B16","Cybersecurity","OWASP Italy Day 2026","ORGANIZER","OWASP Chapter Italy","unproven","https://owasp.org/www-chapter-italy/","","'OWASP Chapter Italy' not found on the readable pages","","",""
"B16","Cybersecurity","OWASP Italy Day 2026","EDITION","2026","unproven","https://owasp.org/www-chapter-italy/","","edition year not in the first 600 characters","","",""
"B16","Cybersecurity","OWASP Italy Day 2026","DEADLINE (benchmark key: closed)","2025-12-22","see benchmark","https://sessionize.com/owasp-italy-day-cfs-2026/","","Chapter URL redirected owasp.org/www-chapter-italy/ -> owasp.org/chapters/italy; CFP runs on Sessionize and closed 2026-02-02 (chapter blog/LinkedIn state 2026-","","benchmark key","2026-10-02"
"B17","Cybersecurity","OWASP AppSec Days France 2026","START DATE","2026-09-24","page-states","https://sessionize.com/owasp-appsec-days-france-2026/","It will take place on Thursday, September 24, 2026 and will be a conference featuring presentations from renowned European speakers and experts.","","","",""
"B17","Cybersecurity","OWASP AppSec Days France 2026","CITY","Paris","page-states","https://owaspappsecdays.fr/2026/","26 est la deuxième conférence locale OWASP organisée à Paris , en France. Elle se tiendra le jeudi 24 septembre 202","named on the page","","",""
"B17","Cybersecurity","OWASP AppSec Days France 2026","COUNTRY","France","page-states","https://owaspappsecdays.fr/2026/","OWASP AppSec Days France 2026 - Conférence Sécurité Applicative OWASP AppSec Da","named on the page","","",""
"B17","Cybersecurity","OWASP AppSec Days France 2026","FORMAT","In-Person","unproven","https://owaspappsecdays.fr/2026/","","words on the pages: online 1, in-person 1","","",""
"B17","Cybersecurity","OWASP AppSec Days France 2026","ORGANIZER","OWASP France","page-states","https://owaspappsecdays.fr/2026/","votre entreprise sur les posters et les annonces de l'OWASP France Logo de votre compagnie sur les badges Prix (net) : 50","named on the page","","",""
"B17","Cybersecurity","OWASP AppSec Days France 2026","EDITION","2026","page-states","https://owaspappsecdays.fr/2026/","OWASP AppSec Days France 2026 - Conférence Sécurité Applicative OWASP AppSec Days Fr","edition year in the page heading","","",""
"B17","Cybersecurity","OWASP AppSec Days France 2026","DEADLINE (benchmark key: no_call_exists)","2026-05-07","see benchmark","https://www.owaspappsecdays.fr/2026/","","Final programme with14 named speakers already published; no call-for-speakers page or submission route linked anywhere on the site.","","benchmark key","2026-10-02"
"B18","Cybersecurity","SecureWorld St. Louis 2026","START DATE","2026-09-02","unproven","https://www.secureworld.io/","","no date in 2026 beside an event word; dates of 2026 on the page: October 8, 2026; October 22, 2026; October 3, 2026","","",""
"B18","Cybersecurity","SecureWorld St. Louis 2026","CITY","St. Louis","page-states","https://www.secureworld.io/","26 2026-10-08 2026-10-08 2026-2027 Conference Schedule St. Louis, MO 2026-09-02 2026-09-02 Detroit, MI 2026-09-17 2026-","named on the page","","",""
"B18","Cybersecurity","SecureWorld St. Louis 2026","COUNTRY","USA","page-states","https://events.secureworld.io/st-louis-mo/","gle site to multinational. John has trained tens of thousands of practitioners, and conducted on-site programs at","named on the page","","",""
"B18","Cybersecurity","SecureWorld St. Louis 2026","FORMAT","In-Person","unproven","https://www.secureworld.io/","","words on the pages: virtual 1, online 1, hybrid 1","","",""
"B18","Cybersecurity","SecureWorld St. Louis 2026","ORGANIZER","","no claim","","","","","",""
"B18","Cybersecurity","SecureWorld St. Louis 2026","EDITION","2026","page-states","https://events.secureworld.io/st-louis-mo/","Themes Press Room Privacy Policy Subscribe October 3, 2026 Thank you for your interest. This event has already pa","edition year in the page heading","","",""
"B18","Cybersecurity","SecureWorld St. Louis 2026","DEADLINE (benchmark key: closed)","","see benchmark","https://events.secureworld.io/details/st-louis-mo-2026/","","St. Louis not present on the current 2026-2027 speaker-deadline table (that table lists Dallas, Threat Defense, NYC, Seattle, East, Twin Cities, Gov&CI and 2027","","benchmark key","2026-10-02"
"B19","Cybersecurity","SecureWorld Government & Critical Infrastructure 2026","START DATE","2026-12-09","unproven","https://www.secureworld.io/events","","no date in 2026 beside an event word; no date of that year on the page","","",""
"B19","Cybersecurity","SecureWorld Government & Critical Infrastructure 2026","CITY","Virtual","page-states","https://www.secureworld.io/events","s. Whether at live regional conferences or via dynamic virtual experiences, this is where cybersecurity communities g","named on the page","","",""
"B19","Cybersecurity","SecureWorld Government & Critical Infrastructure 2026","COUNTRY","","no claim","","","","","",""
"B19","Cybersecurity","SecureWorld Government & Critical Infrastructure 2026","FORMAT","Virtual","unproven","https://www.secureworld.io/events","","words on the pages: virtual 9, online 1, in-person 4","","",""
"B19","Cybersecurity","SecureWorld Government & Critical Infrastructure 2026","ORGANIZER","SecureWorld","page-states","https://www.secureworld.io/events","SecureWorld Events Join us at SecureWorld Dallas on Oct. 8 — Get y","named on the page","","",""
"B19","Cybersecurity","SecureWorld Government & Critical Infrastructure 2026","EDITION","2026","unproven","https://www.secureworld.io/events","","edition year not in the first 600 characters","","",""
"B19","Cybersecurity","SecureWorld Government & Critical Infrastructure 2026","DEADLINE (benchmark key: open)","2026-10-28","see benchmark","https://www.secureworld.io/events#become-a-speaker","","Deadline table lives on the Become a Speaker section of /events (anchor target); 2026 conference is still ahead of today.","2026-10-28","benchmark key","2026-10-02"
"B20","Cybersecurity","ShmooCon 2027","START DATE","","no claim","","","","","",""
"B20","Cybersecurity","ShmooCon 2027","CITY","Washington","unreadable","","","no page read","","",""
"B20","Cybersecurity","ShmooCon 2027","COUNTRY","USA","unreadable","","","no page read","","",""
"B20","Cybersecurity","ShmooCon 2027","FORMAT","","no claim","","","","","",""
"B20","Cybersecurity","ShmooCon 2027","ORGANIZER","The Shmoo Group","unreadable","","","no page read","","",""
"B20","Cybersecurity","ShmooCon 2027","EDITION","2027","unreadable","","","no page read","","",""
"B20","Cybersecurity","ShmooCon 2027","DEADLINE (benchmark key: no_call_exists)","","see benchmark","https://www.shmoocon.org/call-for-papers/","","No ShmooCon 2027 exists on the site; the current CFP page describes the 2025 edition as the last and final one. Site header still reads JAN 10-12, 2025.","","benchmark key","2026-10-02"
"B21","Utility","Carbon Capture Technology World Expo 2026","START DATE","","no claim","","","","","",""
"B21","Utility","Carbon Capture Technology World Expo 2026","CITY","Abu Dhabi","page-states","https://www.hydrogenccs-menaexpo.com/","air Two co-located events 8-9 June 2027, ADNEC Centre, Abu Dhabi Register now Exhibit now Hydrogen Technology Expo MENA","named on the page","","",""
"B21","Utility","Carbon Capture Technology World Expo 2026","COUNTRY","United Arab Emirates","unproven","https://www.hydrogenccs-menaexpo.com/","","'United Arab Emirates' not found on the readable pages","","",""
"B21","Utility","Carbon Capture Technology World Expo 2026","FORMAT","In-Person","unproven","https://www.hydrogenccs-menaexpo.com/","","words on the pages: ","","",""
"B21","Utility","Carbon Capture Technology World Expo 2026","ORGANIZER","Trans-Global Events","unproven","https://www.hydrogenccs-menaexpo.com/","","'Trans-Global Events' not found on the readable pages","","",""
"B21","Utility","Carbon Capture Technology World Expo 2026","EDITION","2026","unproven","https://www.hydrogenccs-menaexpo.com/","","edition year not in the first 600 characters","","",""
"B21","Utility","Carbon Capture Technology World Expo 2026","DEADLINE (benchmark key: no_call_exists)","","see benchmark","https://www.hydrogen-worldexpo.com/carbon-capture-world","","carboncapture-expo.com redirects to hydrogen-worldexpo.com/carbon-capture-world. Conference Overview and Conference Agenda pages list tracks and speakers but ca","","benchmark key","2026-10-02"
"B22","Utility","CERAWeek 2027","START DATE","2027-03-08","unproven","https://ceraweek.com/","","no date in 2027 beside an event word; no date of that year on the page","","",""
"B22","Utility","CERAWeek 2027","CITY","Houston","unproven","https://ceraweek.com/","","'Houston' not found on the readable pages","","",""
"B22","Utility","CERAWeek 2027","COUNTRY","USA","unproven","https://ceraweek.com/","","'USA' not found on the readable pages","","",""
"B22","Utility","CERAWeek 2027","FORMAT","In-Person","unproven","https://ceraweek.com/","","words on the pages: ","","",""
"B22","Utility","CERAWeek 2027","ORGANIZER","S&P Global","page-states","https://ceraweek.com/","CERAWeek by S&P Global | The World's Premier Energy Conference | CERAWeek -->","named on the page","","",""
"B22","Utility","CERAWeek 2027","EDITION","2027","unproven","https://ceraweek.com/","","edition year not in the first 600 characters","","",""
"B22","Utility","CERAWeek 2027","DEADLINE (benchmark key: no_call_exists)","","see benchmark","https://www.ceraweek.com/en","","Site navigation and full site text searched: no call for papers, proposal or speaker submission page exists; speakers listed are invitation/policy-led.","","benchmark key","2026-10-02"
"B23","Utility","CES 2027","START DATE","2027-01-06","unproven","https://www.ces.tech/","","no date in 2027 beside an event word; no date of that year on the page","","",""
"B23","Utility","CES 2027","CITY","Las Vegas","page-states","https://www.ces.tech/","Association (CTA)&#xAE; About CTA Join CTA January 6-9 Las Vegas, NV Opportunities like this only happen once a year —","named on the page","","",""
"B23","Utility","CES 2027","COUNTRY","USA","unproven","https://www.ces.tech/","","'USA' not found on the readable pages","","",""
"B23","Utility","CES 2027","FORMAT","In-Person","unproven","https://www.ces.tech/","","words on the pages: ","","",""
"B23","Utility","CES 2027","ORGANIZER","Consumer Technology Association","page-states","https://www.ces.tech/","e Most Powerful Tech Event in the World Powered by the Consumer Technology Association (CTA)&#xAE; Secondary Navigation About CTA About CTA M","named on the page","","",""
"B23","Utility","CES 2027","EDITION","2027","unproven","https://www.ces.tech/","","edition year not in the first 600 characters","","",""
"B23","Utility","CES 2027","DEADLINE (benchmark key: not_yet_announced)","2026-09-09","see benchmark","https://www.ces.tech/attendee-guides/speaking-at-ces/","","A Call for Speakers exists for 2027 but no submission deadline is published anywhere on the page; inquiries are routed to a contact form. Sessionize/own-form UR","","benchmark key","2026-10-02"
"B24","Utility","Clean Fuels Conference 2027","START DATE","2027-02-01","page-states","https://www.cleanfuelsconference.org/","February 1-4, 2027","the date is printed on the page with no 'held' or 'takes place' word beside it","","",""
"B24","Utility","Clean Fuels Conference 2027","CITY","Phoenix","page-states","https://www.cleanfuelsconference.org/accommodations/","ed Speakers Accommodations Plan Your Stay The Sheraton Phoenix Downtown is now accepting hotel reservations. Through","named on the page","","",""
"B24","Utility","Clean Fuels Conference 2027","COUNTRY","USA","unproven","https://www.cleanfuelsconference.org/","","'USA' not found on the readable pages","","",""
"B24","Utility","Clean Fuels Conference 2027","FORMAT","In-Person","unproven","https://www.cleanfuelsconference.org/","","words on the pages: ","","",""
"B24","Utility","Clean Fuels Conference 2027","ORGANIZER","Clean Fuels Alliance America","page-states","https://www.cleanfuelsconference.org/","in 2027! --> Thank You to Our 2027 Sponsors! View All Clean Fuels Alliance America Offices Missouri Headquarters 605 Clark Ave. PO Box 10","named on the page","","",""
"B24","Utility","Clean Fuels Conference 2027","EDITION","2027","page-states","https://www.cleanfuelsconference.org/","Home | Clean Fuels Conference 2027 -- End of the comment --> Registration Accommodations","edition year in the page heading","","",""
"B24","Utility","Clean Fuels Conference 2027","DEADLINE (benchmark key: no_call_exists)","","see benchmark","https://www.cleanfuelsconference.org/agenda/","","Full 2027 session-by-session agenda with named titles already published; no call for speakers/papers page and no submission link on the site.","","benchmark key","2026-10-02"
"B25","Utility","Decarb Connect North America 2027","START DATE","2027-02-09","page-states","https://decarbconnectnorthamerica.com/","09 - 11 February, 2027","the date is printed on the page with no 'held' or 'takes place' word beside it","","",""
"B25","Utility","Decarb Connect North America 2027","CITY","Houston","page-states","https://decarbconnectnorthamerica.com/","ower Emissions, Strong Industry 09 - 11 February, 2027 Houston, TX Join the waitlist Download 2026 Post Show Report V","named on the page","","",""
"B25","Utility","Decarb Connect North America 2027","COUNTRY","USA","unproven","https://decarbconnectnorthamerica.com/","","'USA' not found on the readable pages","","",""
"B25","Utility","Decarb Connect North America 2027","FORMAT","In-Person","unproven","https://decarbconnectnorthamerica.com/","","words on the pages: ","","",""
"B25","Utility","Decarb Connect North America 2027","ORGANIZER","Decarb Connect Limited","page-states","https://decarbconnectnorthamerica.com/","er emissions reductions with confidence. Find out more Decarb Connect Limited Registered Office: International House 6 South Molton","named on the page","","",""
"B25","Utility","Decarb Connect North America 2027","EDITION","2027","page-states","https://decarbconnectnorthamerica.com/","ty, Lower Emissions, Strong Industry 09 - 11 February, 2027 Houston, TX Join the waitlist Download 2026 Post Show","edition year in the page heading","","",""
"B25","Utility","Decarb Connect North America 2027","DEADLINE (benchmark key: not_yet_announced)","","see benchmark","https://decarbconnectnorthamerica.com/","","The only speaker route on the page is 'PROPOSE A SPEAKER FOR 2026' (a HubSpot form) for the past Houston edition; no 2027 call and no deadline published.","","benchmark key","2026-10-02"
"B26","Utility","Decarb Connect UK 2026","START DATE","2026-04-15","unproven","https://decarbconnectuk.com/","","no date in 2026 beside an event word; no date of that year on the page","","",""
"B26","Utility","Decarb Connect UK 2026","CITY","London","page-states","https://decarbconnectuk.com/","s | Tech Innovation and Investment 13 - 15 April, 2027 London, UK Join the Waitlist Suggest a Speaker for 2027 Downl","named on the page","","",""
"B26","Utility","Decarb Connect UK 2026","COUNTRY","United Kingdom","unproven","https://decarbconnectuk.com/","","'United Kingdom' not found on the readable pages","","",""
"B26","Utility","Decarb Connect UK 2026","FORMAT","In-Person","unproven","https://decarbconnectuk.com/","","words on the pages: ","","",""
"B26","Utility","Decarb Connect UK 2026","ORGANIZER","Decarb Connect","page-states","https://decarbconnectuk.com/","Home - Decarb Connect UK About Past Speakers Past Partners Content &#038; In","named on the page","","",""
"B26","Utility","Decarb Connect UK 2026","EDITION","2026","page-states","https://decarbconnectuk.com/","Join the Waitlist Suggest a Speaker for 2027 Download 2026 Post Show Report Hydrogen Sponsor Sponsor Sponsor Spon","edition year in the page heading","","",""
"B26","Utility","Decarb Connect UK 2026","DEADLINE (benchmark key: open)","","see benchmark","https://decarbconnectuk.com/","","Live ""Suggest a Speaker for 2027"" form, no deadline published. Edition: 2027. Models disagreed: free=open, gpt medium=closed, gpt xhigh=closed.","","benchmark key","2026-10-02"
"B27","Utility","Decarbonization Congress 2026 (Resilient & Net-Zero Industry Congress)","(event not in the approved file)","","no claim","","","","","",""
"B28","Utility","Decarb TechInvest 2027","START DATE","","no claim","","","","","",""
"B28","Utility","Decarb TechInvest 2027","CITY","Boston","page-states","https://decarbtechinvest.com/","trial and Energy Hardware Tech 09 - 10 September, 2026 Boston, USA View Agenda View Deal Making Guide Capital Deploy","named on the page","","",""
"B28","Utility","Decarb TechInvest 2027","COUNTRY","USA","page-states","https://decarbtechinvest.com/","d Energy Hardware Tech 09 - 10 September, 2026 Boston, USA View Agenda View Deal Making Guide Capital Deployment","named on the page","","",""
"B28","Utility","Decarb TechInvest 2027","FORMAT","","no claim","","","","","",""
"B28","Utility","Decarb TechInvest 2027","ORGANIZER","Industrial Connect Group Ltd","page-states","https://decarbtechinvest.com/","ts that enhance competitiveness in an evolving market. Industrial Connect Group Ltd Registered Office: International House 6 South Molton","named on the page","","",""
"B28","Utility","Decarb TechInvest 2027","EDITION","2027","unproven","https://decarbtechinvest.com/","","edition year not in the first 600 characters","","",""
"B28","Utility","Decarb TechInvest 2027","DEADLINE (benchmark key: not_yet_announced)","","see benchmark","https://decarbtechinvest.com/","","Homepage invitation is a stale 2026 one; no 2027 call published. Models disagreed: free=closed, gpt medium=not_yet_announced, gpt xhigh=unknown.","","benchmark key","2026-10-02"
"B29","Utility","ESF MENA 2026","START DATE","","no claim","","","","","",""
"B29","Utility","ESF MENA 2026","CITY","Dubai","page-states","https://europetro.com/esfmena","d petrochemicals assets 📅 14&ndash;17 September 2026 | Dubai Region's only event dedicated to sustainability and th","named on the page","","",""
"B29","Utility","ESF MENA 2026","COUNTRY","United Arab Emirates","unproven","https://europetro.com/esfmena","","'United Arab Emirates' not found on the readable pages","","",""
"B29","Utility","ESF MENA 2026","FORMAT","","no claim","","","","","",""
"B29","Utility","ESF MENA 2026","ORGANIZER","Euro Petroleum Consultants","page-states","https://europetro.com/esfmena","together all stakeholders in our downstream industry. Euro Petroleum Consultants have professionally organized a very comprehensive age","named on the page","","",""
"B29","Utility","ESF MENA 2026","EDITION","2026","page-states","https://europetro.com/esfmena","decision not to hold ESF MENA as a standalone event in 2026. To ensure continued value for our community, the conf","edition year in the page heading","","",""
"B29","Utility","ESF MENA 2026","DEADLINE (benchmark key: no_call_exists)","","see benchmark","https://europetro.com/esfmena","","The 2026 edition was cancelled outright and folded into ME-TECH 2026, so there is no ESF MENA call for 2026.","","benchmark key","2026-10-02"
"B30","Utility","Gastech 2026","START DATE","2026-09-14","page-states","https://www.gastechevent.com/","14 September 2026","the date is printed on the page with no 'held' or 'takes place' word beside it","","",""
"B30","Utility","Gastech 2026","CITY","Bangkok","page-states","https://www.gastechevent.com/","rom the Gastech community HIGHLIGHTS FROM GASTECH 2026 BANGKOK GASTECH CONTENT HUB Videos DAY 1 WRAP UP 14 September","named on the page","","",""
"B30","Utility","Gastech 2026","COUNTRY","Thailand","page-states","https://www.gastechevent.com/","S SPEAKERS H.E. Mr. Anutin Charnvirakul Prime Minister Thailand H.E. Ekniti Nitithanprapas Deputy Prime Minister & Min","named on the page","","",""
"B30","Utility","Gastech 2026","FORMAT","In-Person","unproven","https://www.gastechevent.com/","","words on the pages: ","","",""
"B30","Utility","Gastech 2026","ORGANIZER","dmg events","page-states","https://www.gastechevent.com/",":00 - 14:00 GEORGE R. BROWN CONVENTION CENTER, HOUSTON dmg events is an international exhibition and conference organise","named on the page","","",""
"B30","Utility","Gastech 2026","EDITION","2026","page-states","https://www.gastechevent.com/","Shipping & Marine AixEnergy (Co-located with Gastech) 2026 Exhibitor List Book a Stand Download the Event Brochur","edition year in the page heading","","",""
"B30","Utility","Gastech 2026","DEADLINE (benchmark key: not_yet_announced)","2026-02-20","see benchmark","https://www.gastechevent.com/call-for-papers/","","Page title still reads 'Gastech 2026 Call for Papers' but the content is the 2027 call, which is not yet open: only a register-your-interest sign-up is offered,","","benchmark key","2026-10-02"
"B31","Utility","Global Energy Show Canada 2027","START DATE","2027-06-08","unreadable","","","no page read","","",""
"B31","Utility","Global Energy Show Canada 2027","CITY","Calgary","unreadable","","","no page read","","",""
"B31","Utility","Global Energy Show Canada 2027","COUNTRY","Canada","unreadable","","","no page read","","",""
"B31","Utility","Global Energy Show Canada 2027","FORMAT","In-Person","unreadable","","","no page read","","",""
"B31","Utility","Global Energy Show Canada 2027","ORGANIZER","dmg events","unreadable","","","no page read","","",""
"B31","Utility","Global Energy Show Canada 2027","EDITION","2027","unreadable","","","no page read","","",""
"B31","Utility","Global Energy Show Canada 2027","DEADLINE (benchmark key: open)","2026-12-04","see benchmark","https://www.globalenergyshow.com/conferences/2027-call-for-submissions/","","Deadline for the Energy Influencers Conference tracks (Oil & Gas, New Energy, AI & Data Centres). Plainly stated in the body text; the timeline graphic on the s","2026-12-04","benchmark key","2026-10-02"
"B32","Utility","Horizons Clean Energy Expansion Week 2026","START DATE","2026-11-24","page-states","https://www.hceeweek.com/","24 – 27 November 2026","the date is printed on the page with no 'held' or 'takes place' word beside it","","",""
"B32","Utility","Horizons Clean Energy Expansion Week 2026","CITY","Copenhagen","page-states","https://www.hceeweek.com/","with Clean Energy 24 – 27 November 2026 Bella Center, Copenhagen Register Now View Full Agenda As the global energy lan","named on the page","","",""
"B32","Utility","Horizons Clean Energy Expansion Week 2026","COUNTRY","Denmark","unproven","https://www.hceeweek.com/","","'Denmark' not found on the readable pages","","",""
"B32","Utility","Horizons Clean Energy Expansion Week 2026","FORMAT","In-Person","unproven","https://www.hceeweek.com/","","words on the pages: ","","",""
"B32","Utility","Horizons Clean Energy Expansion Week 2026","ORGANIZER","S&P Global Energy","page-states","https://www.hceeweek.com/","rom Horizons Clean Energy Expansion Week 2026 Speakers S&P Global Energy will be dedicating over 9 months of research with the","named on the page","","",""
"B32","Utility","Horizons Clean Energy Expansion Week 2026","EDITION","2026","page-states","https://www.hceeweek.com/","Home - Horizons Clean Energy Expansion Week 2026 Skip to main content Home Register Now Already Registe","edition year in the page heading","","",""
"B32","Utility","Horizons Clean Energy Expansion Week 2026","DEADLINE (benchmark key: no_call_exists)","","see benchmark","https://www.hceeweek.com/event/2026/home","","Agenda and 250+ speaker count published; the only speaker route is 'get in touch', with no submission form, deadline or CFP page.","","benchmark key","2026-10-02"
"B33","Utility","Hydrogen Technology World Expo Europe 2026","START DATE","2026-10-20","page-states","https://www.hydrogen-worldexpo.com/","20-22 October 2026","the date is printed on the page with no 'held' or 'takes place' word beside it","","",""
"B33","Utility","Hydrogen Technology World Expo Europe 2026","CITY","Hamburg","page-states","https://www.hydrogen-worldexpo.com/","Capture Technology World Expo 2026 | 20-22 Oct 2026 | Hamburg Messe Skip to main content Global Events Home Show sub","named on the page","","",""
"B33","Utility","Hydrogen Technology World Expo Europe 2026","COUNTRY","Germany","page-states","https://www.hydrogen-worldexpo.com/","o co-located events 20-22 October 2026, Hamburg Messe, Germany Register now Exhibit now Hydrogen Technology World Exp","named on the page","","",""
"B33","Utility","Hydrogen Technology World Expo Europe 2026","FORMAT","In-Person","unproven","https://www.hydrogen-worldexpo.com/","","words on the pages: ","","",""
"B33","Utility","Hydrogen Technology World Expo Europe 2026","ORGANIZER","Trans-Global Events","page-states","https://www.hydrogen-worldexpo.com/","facebook twitter instagram Global Events ORGANISED BY Trans-Global Events - Part of CloserStill Media Limited 3rd Floor, The Fou","named on the page","","",""
"B33","Utility","Hydrogen Technology World Expo Europe 2026","EDITION","2026","page-states","https://www.hydrogen-worldexpo.com/","Hydrogen and Carbon Capture Technology World Expo 2026 | 20-22 Oct 2026 | Hamburg Messe Skip to main content","edition year in the page heading","","",""
"B33","Utility","Hydrogen Technology World Expo Europe 2026","DEADLINE (benchmark key: no_call_exists)","","see benchmark","https://www.hydrogen-worldexpo.com/","","Site-wide link scan: only conference-agenda, speakers-list and individual speaker pages. No call for papers page (/call-for-papers returns 404) and no submissio","","benchmark key","2026-10-02"
"B34","Utility","Carbon Capture Technology Expo MENA 2026","START DATE","","no claim","","","","","",""
"B34","Utility","Carbon Capture Technology Expo MENA 2026","CITY","Abu Dhabi","page-states","https://www.hydrogenccs-menaexpo.com/","air Two co-located events 8-9 June 2027, ADNEC Centre, Abu Dhabi Register now Exhibit now Hydrogen Technology Expo MENA","named on the page","","",""
"B34","Utility","Carbon Capture Technology Expo MENA 2026","COUNTRY","United Arab Emirates","unproven","https://www.hydrogenccs-menaexpo.com/","","'United Arab Emirates' not found on the readable pages","","",""
"B34","Utility","Carbon Capture Technology Expo MENA 2026","FORMAT","In-Person","unproven","https://www.hydrogenccs-menaexpo.com/","","words on the pages: ","","",""
"B34","Utility","Carbon Capture Technology Expo MENA 2026","ORGANIZER","Trans-Global Events","unproven","https://www.hydrogenccs-menaexpo.com/","","'Trans-Global Events' not found on the readable pages","","",""
"B34","Utility","Carbon Capture Technology Expo MENA 2026","EDITION","2026","unproven","https://www.hydrogenccs-menaexpo.com/","","edition year not in the first 600 characters","","",""
"B34","Utility","Carbon Capture Technology Expo MENA 2026","DEADLINE (benchmark key: no_call_exists)","","see benchmark","https://www.hydrogenccs-menaexpo.com/conference-agenda","","The June 2026 MENA edition ran with a full agenda and speakers listed; the site has since rolled to 2027 and publishes no call for papers, submission link or de","","benchmark key","2026-10-02"
"B35","Utility","World Fuel Cell Conference 2026","START DATE","2026-07-29","unproven","https://www.iage-net.org/wfcc2026","","no date in 2026 beside an event word; dates of 2026 on the page: 15 July 2026; 31 May 2026; July 8, 2026","","",""
"B35","Utility","World Fuel Cell Conference 2026","CITY","Fukuoka","page-states","https://www.iage-net.org/wfcc2026","WFCC2026 (July 29-Aug. 1, Fukuoka, Japan) &mdash; International Association for Green En","named on the page","","",""
"B35","Utility","World Fuel Cell Conference 2026","COUNTRY","Japan","page-states","https://www.iage-net.org/wfcc2026","WFCC2026 (July 29-Aug. 1, Fukuoka, Japan) &mdash; International Association for Green Energy In","named on the page","","",""
"B35","Utility","World Fuel Cell Conference 2026","FORMAT","In-Person","unproven","https://www.iage-net.org/wfcc2026","","words on the pages: virtual 6, hybrid 1","","",""
"B35","Utility","World Fuel Cell Conference 2026","ORGANIZER","International Association for Green Energy","page-states","https://www.iage-net.org/wfcc2026","WFCC2026 (July 29-Aug. 1, Fukuoka, Japan) &mdash; International Association for Green Energy International Association for Green Energy Home IAGE H","named on the page","","",""
"B35","Utility","World Fuel Cell Conference 2026","EDITION","2026","page-states","https://www.iage-net.org/wfcc2026","WFCC2026 (July 29-Aug. 1, Fukuoka, Japan) &mdash; International","edition year in the page heading","","",""
"B35","Utility","World Fuel Cell Conference 2026","DEADLINE (benchmark key: closed)","2026-07-15","see benchmark","https://www.iage-net.org/wfcc2026","","Conference page now carries a thank-you banner; abstract submission closed 2026-07-15 and the event has already taken place.","2026-07-15","benchmark key","2026-10-02"
"B36","Utility","Industrial Net Zero Conference 2027","START DATE","","no claim","","","","","",""
"B36","Utility","Industrial Net Zero Conference 2027","CITY","Sydney","page-states","https://www.industrialnetzeroconference.com.au/","nference 2026 | Home 13 - 14 October 2026 Greenhouse | Sydney 13 - 14 October 2026 Greenhouse | Sydney 13 - 14 Octob","named on the page","","",""
"B36","Utility","Industrial Net Zero Conference 2027","COUNTRY","Australia","page-states","https://www.industrialnetzeroconference.com.au/","tends & why? Venue Contact us Content library Article: Australia has the ambition and the technology for net zero. What","named on the page","","",""
"B36","Utility","Industrial Net Zero Conference 2027","FORMAT","In-Person","unproven","https://www.industrialnetzeroconference.com.au/","","words on the pages: ","","",""
"B36","Utility","Industrial Net Zero Conference 2027","ORGANIZER","Informa Connect Australia","unproven","https://www.industrialnetzeroconference.com.au/","","'Informa Connect Australia' not found on the readable pages","","",""
"B36","Utility","Industrial Net Zero Conference 2027","EDITION","2027","unproven","https://www.industrialnetzeroconference.com.au/","","edition year not in the first 600 characters","","",""
"B36","Utility","Industrial Net Zero Conference 2027","DEADLINE (benchmark key: not_yet_announced)","","see benchmark","https://www.industrialnetzeroconference.com.au/","","Site shows only the 2026 edition; speaker enquiries by contact, no dated call. Models disagreed: free=unknown, gpt medium=not_yet_announced, gpt xhigh=unknown.","","benchmark key","2026-10-02"
"B37","Utility","CarbonZero Global Conference & Exhibition 2026","START DATE","2026-11-12","page-differs","https://industrylink.eu/event/carbonzero-global-conference-exhibition-2026/","","page says: 27–29 October 2026; October 27 - 29, 2026","","",""
"B37","Utility","CarbonZero Global Conference & Exhibition 2026","CITY","Brussels","page-states","https://industrylink.eu/event/carbonzero-global-conference-exhibition-2026/","Zero Global Conference & Exhibition 2026 5th Edition – Brussels, Belgium. With a Visit to Holcim Go4ZERO Cement Plant","named on the page","","",""
"B37","Utility","CarbonZero Global Conference & Exhibition 2026","COUNTRY","","no claim","","","","","",""
"B37","Utility","CarbonZero Global Conference & Exhibition 2026","FORMAT","","no claim","","","","","",""
"B37","Utility","CarbonZero Global Conference & Exhibition 2026","ORGANIZER","","no claim","","","","","",""
"B37","Utility","CarbonZero Global Conference & Exhibition 2026","EDITION","2026","page-states","https://industrylink.eu/event/carbonzero-global-conference-exhibition-2026/","CarbonZero Global Conference & Exhibition 2026 - Industry Link 🏆 CarbonZERO AWARDS 2026 Public voting","edition year in the page heading","","",""
"B37","Utility","CarbonZero Global Conference & Exhibition 2026","DEADLINE (benchmark key: unknown)","2026-09-15","see benchmark","https://industrylink.eu/event/carbonzero-global-conference-exhibition-2026/","","Undated nomination/suggestion instructions; awards in voting phase. Unresolved. Models disagreed: free=open, gpt medium=unknown, gpt xhigh=unknown.","","benchmark key","2026-10-02"
"B38","Utility","Innovation Zero World Congress 2027","START DATE","2027-04-27","page-states","https://www.innovationzero.com/","27 April 2027","the date is printed on the page with no 'held' or 'takes place' word beside it","","",""
"B38","Utility","Innovation Zero World Congress 2027","CITY","London","page-states","https://www.innovationzero.com/","arbon economy. The Congress will return to the Olympia London for its fifth edition on the 27th & 28th of April 2027","named on the page","","",""
"B38","Utility","Innovation Zero World Congress 2027","COUNTRY","United Kingdom","unproven","https://www.innovationzero.com/","","'United Kingdom' not found on the readable pages","","",""
"B38","Utility","Innovation Zero World Congress 2027","FORMAT","In-Person","unproven","https://www.innovationzero.com/","","words on the pages: ","","",""
"B38","Utility","Innovation Zero World Congress 2027","ORGANIZER","Mung Intl. Ltd","page-states","https://www.innovationzero.com/","tunities to engage throughout the year. &copy; 2026 by Mung Intl. Ltd. All rights reserved. Registered Office Address: 7 Pri","named on the page","","",""
"B38","Utility","Innovation Zero World Congress 2027","EDITION","2027","page-states","https://www.innovationzero.com/","Innovation Zero: Energy Transition & Net Zero Congress 2027 Skip To Main Content Get Involved (opens in a new tab)","edition year in the page heading","","",""
"B38","Utility","Innovation Zero World Congress 2027","DEADLINE (benchmark key: open)","","see benchmark","https://www.innovationzero.com/world-congress/programme/speakers/apply","","Edition 2027: live Apply-to-Speak form, no published cutoff. Was: unknown. Relabelled under brief 01 rule 7a (edition rule), 2026-10-02; the free model and Deep","","benchmark key","2026-10-02"
"B39","Utility","International Conference on Climate Change: Impacts & Responses","START DATE","2027-01-20","page-states","https://on-climate.com/2027-conference/call-for-papers","rs Proposal and Registration Periods Submit Proposal Call for Papers The Climate Change: Impacts & Responses Research Network invites proposals for the Nineteenth International Conference on Climate C","","","",""
"B39","Utility","International Conference on Climate Change: Impacts & Responses","CITY","Johannesburg","page-states","https://on-climate.com/2027-conference","he Built Environment, University of the Witwatersrand, Johannesburg, South Africa + Online SUBMIT REGISTER CGSCHOLAR EVENT","named on the page","","",""
"B39","Utility","International Conference on Climate Change: Impacts & Responses","COUNTRY","South Africa","page-states","https://on-climate.com/2027-conference","onment, University of the Witwatersrand, Johannesburg, South Africa + Online SUBMIT REGISTER CGSCHOLAR EVENT MICROSITE The","named on the page","","",""
"B39","Utility","International Conference on Climate Change: Impacts & Responses","FORMAT","Hybrid","unproven","https://on-climate.com/2027-conference","","words on the pages: online 11, hybrid 2, in-person 2, in person 1","","",""
"B39","Utility","International Conference on Climate Change: Impacts & Responses","ORGANIZER","Common Ground Research Networks","page-states","https://on-climate.com/2027-conference","isit the help center to get started. SUPPORT CENTER Common Ground Research Networks University of Illinois Research Park 60 Hazelwood Dri","named on the page","","",""
"B39","Utility","International Conference on Climate Change: Impacts & Responses","EDITION","2027","page-states","https://on-climate.com/2027-conference","Climate Change: Impacts & Responses Research Network 2027 Conference 2028 Conference Online Symposium Journal Bo","edition year in the page heading","","",""
"B39","Utility","International Conference on Climate Change: Impacts & Responses","DEADLINE (benchmark key: open)","2026-10-19","see benchmark","https://on-climate.com/2027-conference/call-for-papers","","Today is inside the Regular proposal period, so 2026-10-19 is the next submission deadline ahead of today; the Late period to 2026-12-20 is a later round of the","2026-10-19","benchmark key","2026-10-02"
"B40","Utility","Hydrogen Americas 2026 Summit & Exhibition","START DATE","2026-10-06","page-states","https://www.world-hydrogen-summit.com/americas/","Brown Convention Center, Houston, Texas TRAVEL INFO Show dates: 6 October 2026 - 7 October 2026 I enjoyed meeting participants and noticed some new players as well.","","","",""
"B40","Utility","Hydrogen Americas 2026 Summit & Exhibition","CITY","Houston","page-states","https://www.world-hydrogen-summit.com/americas/","-7 October 2026 The George R. Brown Convention Center, Houston, Texas REGISTER NOW EXHIBITOR ENQUIRY About Advisory b","named on the page","","",""
"B40","Utility","Hydrogen Americas 2026 Summit & Exhibition","COUNTRY","USA","unproven","https://www.world-hydrogen-summit.com/americas/","","'USA' not found on the readable pages","","",""
"B40","Utility","Hydrogen Americas 2026 Summit & Exhibition","FORMAT","In-Person","unproven","https://www.world-hydrogen-summit.com/americas/","","words on the pages: ","","",""
"B40","Utility","Hydrogen Americas 2026 Summit & Exhibition","ORGANIZER","Sustainable Energy Council","page-states","https://www.world-hydrogen-summit.com/americas/","Skip to content Press Escape to close the menu. Expand Sustainable Energy Council World Hydrogen Summit 18 May 2027 Rotterdam Ahoy Hydro","named on the page","","",""
"B40","Utility","Hydrogen Americas 2026 Summit & Exhibition","EDITION","2026","page-states","https://www.world-hydrogen-summit.com/americas/","it 18 May 2027 Rotterdam Ahoy Hydrogen Americas 06 Oct 2026 Asia-Pacific Hydrogen 03 Sept 2026 Adelaide Convention","edition year in the page heading","","",""
"B40","Utility","Hydrogen Americas 2026 Summit & Exhibition","DEADLINE (benchmark key: unknown)","","see benchmark","https://www.world-hydrogen-summit.com/americas/en-gb.html","","No public submission call or cutoff found by any model; not proven absent. Models disagreed: free=no_call_exists, gpt medium=unknown, gpt xhigh=unknown.","","benchmark key","2026-10-02"
