"event","canonical","field","confirmed_value","tier","page_states_nothing","confirmed_by","confirmed_on","pages","why","quote"
"ACM CODASPY 2027","2027-acm-codaspy-alexandria-speaking","SUBMISSION DEADLINE","2026-11-16","person-confirmed","","operator","2026-10-03","https://www.codaspy.org/2027/cfp.html ; https://codaspy27.hotcrp.com/","The page https://www.codaspy.org/2027/cfp.html lists two tracks: abstract deadline Nov 16 2026 and research paper deadline Nov 23 2026. The operator ruled: the earliest (abstract) is the default deadline, and both dates go in the details. Submissions are made at https://codaspy27.hotcrp.com/ (operator verified).",""
"ACM CODASPY 2027","2027-acm-codaspy-alexandria-speaking","CFP_SUBMISSION_URL","https://codaspy27.hotcrp.com/","person-confirmed","","operator","2026-10-03","https://www.codaspy.org/2027/cfp.html ; https://codaspy27.hotcrp.com/","The page https://www.codaspy.org/2027/cfp.html lists two tracks: abstract deadline Nov 16 2026 and research paper deadline Nov 23 2026. The operator ruled: the earliest (abstract) is the default deadline, and both dates go in the details. Submissions are made at https://codaspy27.hotcrp.com/ (operator verified).",""
"ACM CODASPY 2027","2027-acm-codaspy-alexandria-speaking","STATUS DETAILS","Two tracks: abstract submission deadline November 16, 2026 (the date shown, and the earliest); research paper submission deadline November 23, 2026. Submit at https://codaspy27.hotcrp.com/. Conference June 14-17, 2027, Fort Collins, Colorado.","person-confirmed","","operator","2026-10-03","https://www.codaspy.org/2027/cfp.html ; https://codaspy27.hotcrp.com/","The page https://www.codaspy.org/2027/cfp.html lists two tracks: abstract deadline Nov 16 2026 and research paper deadline Nov 23 2026. The operator ruled: the earliest (abstract) is the default deadline, and both dates go in the details. Submissions are made at https://codaspy27.hotcrp.com/ (operator verified).",""
"Apres-Cyber Slopes Summit 2027","2027-apres-cyber-slopes-summit-steamboat-springs-speaking","SUBMISSION DEADLINE","2026-11-20","person-confirmed","","operator","2026-10-03","https://sessionize.com/apres-cyber-slopes-summit-2027","The organizer's own Sessionize page says the call closes 11:59 PM 20 Nov 2026. The aggregator the research cited (cfptime.org, deadline Nov 21) does not list the event at all (operator checked): it is bad data and is not accepted as evidence.",""
"Apres-Cyber Slopes Summit 2027","2027-apres-cyber-slopes-summit-steamboat-springs-speaking","STATUS DETAILS","The call for papers is open on the organizer's Sessionize page and closes 11:59 PM on 20 November 2026.","person-confirmed","","operator","2026-10-03","https://sessionize.com/apres-cyber-slopes-summit-2027","The organizer's own Sessionize page says the call closes 11:59 PM 20 Nov 2026. The aggregator the research cited (cfptime.org, deadline Nov 21) does not list the event at all (operator checked): it is bad data and is not accepted as evidence.",""
"European Carbon Capture, Utilization & Storage 2027","2027-european-carbon-capture-utilization-storage-amsterdam","START DATE","2027-01-26","person-confirmed","","operator","2026-10-03","https://ccus-carbon-capture.com/","Operator verified: start date 2027-01-26 is correct; 'March 9-10, 2027' appears on no page. The event's own page reads '26 - 27 January 2027 | Amsterdam'.",""
"European Carbon Capture, Utilization & Storage 2027","2027-european-carbon-capture-utilization-storage-amsterdam","CONFERENCE DATES","January 26 - January 27, 2027","person-confirmed","","operator","2026-10-03","https://ccus-carbon-capture.com/","Operator verified: start date 2027-01-26 is correct; 'March 9-10, 2027' appears on no page. The event's own page reads '26 - 27 January 2027 | Amsterdam'.",""
"Carbon Capture USA 2026","2026-carbon-capture-usa-houston","START DATE","2026-11-16","person-confirmed","","operator","2026-10-03","https://www.usa.carbon-capture-conference.com/ ; https://www.usa.carbon-capture-conference.com/speakers","Operator verified: November 16-17, 2026, Houston (the earlier 'October 14-15' was a past edition's value). Speaker submission link verified.",""
"Carbon Capture USA 2026","2026-carbon-capture-usa-houston","CONFERENCE DATES","November 16 - November 17, 2026","person-confirmed","","operator","2026-10-03","https://www.usa.carbon-capture-conference.com/ ; https://www.usa.carbon-capture-conference.com/speakers","Operator verified: November 16-17, 2026, Houston (the earlier 'October 14-15' was a past edition's value). Speaker submission link verified.",""
"Carbon Capture USA 2026","2026-carbon-capture-usa-houston","CFP_SUBMISSION_URL","https://www.usa.carbon-capture-conference.com/speakers","person-confirmed","","operator","2026-10-03","https://www.usa.carbon-capture-conference.com/ ; https://www.usa.carbon-capture-conference.com/speakers","Operator verified: November 16-17, 2026, Houston (the earlier 'October 14-15' was a past edition's value). Speaker submission link verified.",""
"Sustainable Fuels Global Summit 2027 (SAF Europe Summit)","2027-sustainable-fuels-global-summit-rotterdam","START DATE","2027-04-13","person-confirmed","","operator","2026-10-03","https://www.sustainablefuelsglobal.com/ ; https://www.safeusummit.com/","Operator verified: start date 4/13/2027 is correct; 'February 16-17, 2027' appears on no page. The site now redirects to safeusummit.com: '13-14 April 2027 | Rotterdam'.",""
"Sustainable Fuels Global Summit 2027 (SAF Europe Summit)","2027-sustainable-fuels-global-summit-rotterdam","CONFERENCE DATES","April 13 - April 14, 2027","person-confirmed","","operator","2026-10-03","https://www.sustainablefuelsglobal.com/ ; https://www.safeusummit.com/","Operator verified: start date 4/13/2027 is correct; 'February 16-17, 2027' appears on no page. The site now redirects to safeusummit.com: '13-14 April 2027 | Rotterdam'.",""
"Carbon Capture Technology Expo MENA 2026","2026-carbon-capture-technology-expo-mena-abu-dhabi","START DATE","","person-confirmed","yes","operator","2026-10-03","https://www.hydrogenccs-menaexpo.com/","Operator verified: the 2026 edition is closed and the site shows the 2027 edition (8-9 June 2027, ADNEC Centre, Abu Dhabi), which is its own row. The 2026 edition's dates are on no page: leave blank (never the 2027 dates, never a guess).",""
"Carbon Capture Technology Expo MENA 2026","2026-carbon-capture-technology-expo-mena-abu-dhabi","CONFERENCE DATES","","person-confirmed","yes","operator","2026-10-03","https://www.hydrogenccs-menaexpo.com/","Operator verified: the 2026 edition is closed and the site shows the 2027 edition (8-9 June 2027, ADNEC Centre, Abu Dhabi), which is its own row. The 2026 edition's dates are on no page: leave blank (never the 2027 dates, never a guess).",""
"Future Fuels MENA Summit 2026","2026-future-fuels-mena-summit-dubai","START DATE","","person-confirmed","yes","operator","2026-10-03","https://futurefuelsmena.com/","Operator could not find the event: futurefuelsmena.com is a dead domain. No dates are stated anywhere: leave blank. 'Discontinued' needs its own evidence page (R16).",""
"Future Fuels MENA Summit 2026","2026-future-fuels-mena-summit-dubai","CONFERENCE DATES","","person-confirmed","yes","operator","2026-10-03","https://futurefuelsmena.com/","Operator could not find the event: futurefuelsmena.com is a dead domain. No dates are stated anywhere: leave blank. 'Discontinued' needs its own evidence page (R16).",""
"Global Energy Show Canada 2027","2027-global-energy-show-canada-calgary","START DATE","2027-06-08","person-confirmed","","operator","2026-10-03","https://www.globalenergyshow.com/conferences/2027-call-for-submissions/ ; https://www.globalenergyshow.com/awards/global-energy-show-canada-awards/","Copied by the operator from the event's own pages: 'June 8-10, 2027 | BMO Centre, Calgary, Canada'; 'Call for Abstracts is now open. Submit your abstract by December 4, 2026'; the call link is https://www.globalenergyshow.com/conferences/2027-call-for-submissions/. (Earlier, 10-01, the operator confirmed the SUBMIT button on the call page leads to the dmg events submitter portal.) Also: a Global Energy Show Canada AWARDS programme exists at https://www.globalenergyshow.com/awards/global-energy-show-canada-awards/ (same dates and venue), recorded as a lead for the awards research, not mixed in here.",""
"Global Energy Show Canada 2027","2027-global-energy-show-canada-calgary","CONFERENCE DATES","June 8 - June 10, 2027","person-confirmed","","operator","2026-10-03","https://www.globalenergyshow.com/conferences/2027-call-for-submissions/ ; https://www.globalenergyshow.com/awards/global-energy-show-canada-awards/","Copied by the operator from the event's own pages: 'June 8-10, 2027 | BMO Centre, Calgary, Canada'; 'Call for Abstracts is now open. Submit your abstract by December 4, 2026'; the call link is https://www.globalenergyshow.com/conferences/2027-call-for-submissions/. (Earlier, 10-01, the operator confirmed the SUBMIT button on the call page leads to the dmg events submitter portal.) Also: a Global Energy Show Canada AWARDS programme exists at https://www.globalenergyshow.com/awards/global-energy-show-canada-awards/ (same dates and venue), recorded as a lead for the awards research, not mixed in here.",""
"Global Energy Show Canada 2027","2027-global-energy-show-canada-calgary","LOCATION","BMO Centre, Calgary, Canada","person-confirmed","","operator","2026-10-03","https://www.globalenergyshow.com/conferences/2027-call-for-submissions/ ; https://www.globalenergyshow.com/awards/global-energy-show-canada-awards/","Copied by the operator from the event's own pages: 'June 8-10, 2027 | BMO Centre, Calgary, Canada'; 'Call for Abstracts is now open. Submit your abstract by December 4, 2026'; the call link is https://www.globalenergyshow.com/conferences/2027-call-for-submissions/. (Earlier, 10-01, the operator confirmed the SUBMIT button on the call page leads to the dmg events submitter portal.) Also: a Global Energy Show Canada AWARDS programme exists at https://www.globalenergyshow.com/awards/global-energy-show-canada-awards/ (same dates and venue), recorded as a lead for the awards research, not mixed in here.",""
"Global Energy Show Canada 2027","2027-global-energy-show-canada-calgary","SUBMISSION DEADLINE","2026-12-04","person-confirmed","","operator","2026-10-03","https://www.globalenergyshow.com/conferences/2027-call-for-submissions/ ; https://www.globalenergyshow.com/awards/global-energy-show-canada-awards/","Copied by the operator from the event's own pages: 'June 8-10, 2027 | BMO Centre, Calgary, Canada'; 'Call for Abstracts is now open. Submit your abstract by December 4, 2026'; the call link is https://www.globalenergyshow.com/conferences/2027-call-for-submissions/. (Earlier, 10-01, the operator confirmed the SUBMIT button on the call page leads to the dmg events submitter portal.) Also: a Global Energy Show Canada AWARDS programme exists at https://www.globalenergyshow.com/awards/global-energy-show-canada-awards/ (same dates and venue), recorded as a lead for the awards research, not mixed in here.",""
"Global Energy Show Canada 2027","2027-global-energy-show-canada-calgary","CFP_SUBMISSION_URL","https://www.globalenergyshow.com/conferences/2027-call-for-submissions/","person-confirmed","","operator","2026-10-03","https://www.globalenergyshow.com/conferences/2027-call-for-submissions/ ; https://www.globalenergyshow.com/awards/global-energy-show-canada-awards/","Copied by the operator from the event's own pages: 'June 8-10, 2027 | BMO Centre, Calgary, Canada'; 'Call for Abstracts is now open. Submit your abstract by December 4, 2026'; the call link is https://www.globalenergyshow.com/conferences/2027-call-for-submissions/. (Earlier, 10-01, the operator confirmed the SUBMIT button on the call page leads to the dmg events submitter portal.) Also: a Global Energy Show Canada AWARDS programme exists at https://www.globalenergyshow.com/awards/global-energy-show-canada-awards/ (same dates and venue), recorded as a lead for the awards research, not mixed in here.",""
"CarbonZero Global Conference & Exhibition 2026","2026-carbonzero-global-conference-exhibition-brussels","START DATE","2026-10-27","person-confirmed","","operator","2026-10-03","https://industrylink.eu/event/carbonzero-global-conference-exhibition-2026/","Copied by the operator from the event's own page: 'Event Dates: October 27 - 29, 2026 - Brussels, Belgium', with a countdown timer to the event. Our start date 2026-11-12 was wrong.",""
"CarbonZero Global Conference & Exhibition 2026","2026-carbonzero-global-conference-exhibition-brussels","CONFERENCE DATES","October 27 - October 29, 2026","person-confirmed","","operator","2026-10-03","https://industrylink.eu/event/carbonzero-global-conference-exhibition-2026/","Copied by the operator from the event's own page: 'Event Dates: October 27 - 29, 2026 - Brussels, Belgium', with a countdown timer to the event. Our start date 2026-11-12 was wrong.",""
"CarbonZero Global Conference & Exhibition 2026","2026-carbonzero-global-conference-exhibition-brussels","CITY","Brussels","person-confirmed","","operator","2026-10-03","https://industrylink.eu/event/carbonzero-global-conference-exhibition-2026/","Copied by the operator from the event's own page: 'Event Dates: October 27 - 29, 2026 - Brussels, Belgium', with a countdown timer to the event. Our start date 2026-11-12 was wrong.",""
"CarbonZero Global Conference & Exhibition 2026","2026-carbonzero-global-conference-exhibition-brussels","COUNTRY","Belgium","person-confirmed","","operator","2026-10-03","https://industrylink.eu/event/carbonzero-global-conference-exhibition-2026/","Copied by the operator from the event's own page: 'Event Dates: October 27 - 29, 2026 - Brussels, Belgium', with a countdown timer to the event. Our start date 2026-11-12 was wrong.",""
"CES 2027","2027-ces-las-vegas","START DATE","2027-01-06","person-confirmed","","operator","2026-10-03","https://www.ces.tech/","Copied by the operator from the event's own page: 'January 6-9, Las Vegas, NV'.",""
"CES 2027","2027-ces-las-vegas","CONFERENCE DATES","January 6 - January 9, 2027","person-confirmed","","operator","2026-10-03","https://www.ces.tech/","Copied by the operator from the event's own page: 'January 6-9, Las Vegas, NV'.",""
"CES 2027","2027-ces-las-vegas","CITY","Las Vegas","person-confirmed","","operator","2026-10-03","https://www.ces.tech/","Copied by the operator from the event's own page: 'January 6-9, Las Vegas, NV'.",""
"CES 2027","2027-ces-las-vegas","STATE_PROVINCE","Nevada","person-confirmed","","operator","2026-10-03","https://www.ces.tech/","Copied by the operator from the event's own page: 'January 6-9, Las Vegas, NV'.",""
"CES 2027","2027-ces-las-vegas","COUNTRY","USA","person-confirmed","","operator","2026-10-03","https://www.ces.tech/","Copied by the operator from the event's own page: 'January 6-9, Las Vegas, NV'.",""
"Nullcon Goa 2027","2026-nullcon-goa-bambolim","START DATE","2027-02-27","person-confirmed","","operator","2026-10-03","https://nullcon.net/event/nullcon-goa-2027/","Copied by the operator from the event's own page (a timeline on the right, each date with its own countdown): 'Conference: 27th - 28th February 2027'; 'Call for Papers Opens 11th September 2026'; 'Call for Papers Closes 30th October 2026'. Our database held start 2027-03-06 (wrong).",""
"Nullcon Goa 2027","2026-nullcon-goa-bambolim","CONFERENCE DATES","February 27 - February 28, 2027","person-confirmed","","operator","2026-10-03","https://nullcon.net/event/nullcon-goa-2027/","Copied by the operator from the event's own page (a timeline on the right, each date with its own countdown): 'Conference: 27th - 28th February 2027'; 'Call for Papers Opens 11th September 2026'; 'Call for Papers Closes 30th October 2026'. Our database held start 2027-03-06 (wrong).",""
"Nullcon Goa 2027","2026-nullcon-goa-bambolim","SUBMISSION_OPENS","2026-09-11","person-confirmed","","operator","2026-10-03","https://nullcon.net/event/nullcon-goa-2027/","Copied by the operator from the event's own page (a timeline on the right, each date with its own countdown): 'Conference: 27th - 28th February 2027'; 'Call for Papers Opens 11th September 2026'; 'Call for Papers Closes 30th October 2026'. Our database held start 2027-03-06 (wrong).",""
"Nullcon Goa 2027","2026-nullcon-goa-bambolim","SUBMISSION DEADLINE","2026-10-30","person-confirmed","","operator","2026-10-03","https://nullcon.net/event/nullcon-goa-2027/","Copied by the operator from the event's own page (a timeline on the right, each date with its own countdown): 'Conference: 27th - 28th February 2027'; 'Call for Papers Opens 11th September 2026'; 'Call for Papers Closes 30th October 2026'. Our database held start 2027-03-06 (wrong).",""
"Nullcon Goa 2027","2026-nullcon-goa-bambolim","MAIN_INFO_URL","https://nullcon.net/event/nullcon-goa-2027/","person-confirmed","","operator","2026-10-03","https://nullcon.net/event/nullcon-goa-2027/","Copied by the operator from the event's own page (a timeline on the right, each date with its own countdown): 'Conference: 27th - 28th February 2027'; 'Call for Papers Opens 11th September 2026'; 'Call for Papers Closes 30th October 2026'. Our database held start 2027-03-06 (wrong).",""
"German OWASP Day 2026","2026-german-owasp-day-karlsruhe","START DATE","2026-09-24","person-confirmed","","operator","2026-10-05","https://god.owasp.de/2026/ ; https://owasp.org/www-chapter-germany/","Operator verified (2026-10-03): September 23-24, 2026, and the event has already taken place. (The input list's other variant, 'OWASP German Chapter Conference (AppSec Karlsruhe 2026)', says 9/22/2026: wrong, and probably a duplicate for upstream to rule on.) 2026-10-05: under operator ruling R-001 (START DATE = first day of the MAIN conference, docs/operations/OPERATOR-RULINGS.md) the page's own Conference Day is Thursday 24 September (23 September = trainings and an evening reception), so START DATE 2026-09-24; before this change the pin read START DATE 2026-09-23, CONFERENCE DATES 'September 23 - September 24, 2026'.",""
"German OWASP Day 2026","2026-german-owasp-day-karlsruhe","CONFERENCE DATES","September 24, 2026","person-confirmed","","operator","2026-10-05","https://god.owasp.de/2026/ ; https://owasp.org/www-chapter-germany/","Operator verified (2026-10-03): September 23-24, 2026, and the event has already taken place. (The input list's other variant, 'OWASP German Chapter Conference (AppSec Karlsruhe 2026)', says 9/22/2026: wrong, and probably a duplicate for upstream to rule on.) 2026-10-05: under operator ruling R-001 (START DATE = first day of the MAIN conference, docs/operations/OPERATOR-RULINGS.md) the page's own Conference Day is Thursday 24 September (23 September = trainings and an evening reception), so START DATE 2026-09-24; before this change the pin read START DATE 2026-09-23, CONFERENCE DATES 'September 23 - September 24, 2026'.",""
"Decarbonization Congress 2027","2027-decarbonization-congress-berlin-speaking","START DATE","2027-02-15","person-confirmed","","operator","2026-10-03","https://decarboncongress.com/ ; https://decarboncongress.com/formats/speaker/","Copied by the operator from the event's own site: the 2026 edition has passed; the new event is upcoming, 15-16 February 2027, Berlin, Germany; the speaker form is https://decarboncongress.com/formats/speaker/ . (Upstream minted the id after note 23; organizer left blank: not on any page we read.)",""
"Decarbonization Congress 2027","2027-decarbonization-congress-berlin-speaking","CONFERENCE DATES","February 15 - February 16, 2027","person-confirmed","","operator","2026-10-03","https://decarboncongress.com/ ; https://decarboncongress.com/formats/speaker/","Copied by the operator from the event's own site: the 2026 edition has passed; the new event is upcoming, 15-16 February 2027, Berlin, Germany; the speaker form is https://decarboncongress.com/formats/speaker/ . (Upstream minted the id after note 23; organizer left blank: not on any page we read.)",""
"Decarbonization Congress 2027","2027-decarbonization-congress-berlin-speaking","CITY","Berlin","person-confirmed","","operator","2026-10-03","https://decarboncongress.com/ ; https://decarboncongress.com/formats/speaker/","Copied by the operator from the event's own site: the 2026 edition has passed; the new event is upcoming, 15-16 February 2027, Berlin, Germany; the speaker form is https://decarboncongress.com/formats/speaker/ . (Upstream minted the id after note 23; organizer left blank: not on any page we read.)",""
"Decarbonization Congress 2027","2027-decarbonization-congress-berlin-speaking","COUNTRY","Germany","person-confirmed","","operator","2026-10-03","https://decarboncongress.com/ ; https://decarboncongress.com/formats/speaker/","Copied by the operator from the event's own site: the 2026 edition has passed; the new event is upcoming, 15-16 February 2027, Berlin, Germany; the speaker form is https://decarboncongress.com/formats/speaker/ . (Upstream minted the id after note 23; organizer left blank: not on any page we read.)",""
"Decarbonization Congress 2027","2027-decarbonization-congress-berlin-speaking","CFP_SUBMISSION_URL","https://decarboncongress.com/formats/speaker/","person-confirmed","","operator","2026-10-03","https://decarboncongress.com/ ; https://decarboncongress.com/formats/speaker/","Copied by the operator from the event's own site: the 2026 edition has passed; the new event is upcoming, 15-16 February 2027, Berlin, Germany; the speaker form is https://decarboncongress.com/formats/speaker/ . (Upstream minted the id after note 23; organizer left blank: not on any page we read.)",""
"Carbon Capture Technology Expo MENA 2027","2027-carbon-capture-technology-expo-mena-abu-dhabi-speaking","START DATE","2027-06-08","person-confirmed","","operator","2026-10-03","https://www.hydrogenccs-menaexpo.com/","Verified by the operator on the event's own page: the 2027 edition is 8-9 June 2027 at the ADNEC Centre, Abu Dhabi, with a countdown timer to it (the 2026 edition is closed). Upstream minted this id after note 22; organizer left blank (not on any page we read).",""
"Carbon Capture Technology Expo MENA 2027","2027-carbon-capture-technology-expo-mena-abu-dhabi-speaking","CONFERENCE DATES","June 8 - June 9, 2027","person-confirmed","","operator","2026-10-03","https://www.hydrogenccs-menaexpo.com/","Verified by the operator on the event's own page: the 2027 edition is 8-9 June 2027 at the ADNEC Centre, Abu Dhabi, with a countdown timer to it (the 2026 edition is closed). Upstream minted this id after note 22; organizer left blank (not on any page we read).",""
"Carbon Capture Technology Expo MENA 2027","2027-carbon-capture-technology-expo-mena-abu-dhabi-speaking","CITY","Abu Dhabi","person-confirmed","","operator","2026-10-03","https://www.hydrogenccs-menaexpo.com/","Verified by the operator on the event's own page: the 2027 edition is 8-9 June 2027 at the ADNEC Centre, Abu Dhabi, with a countdown timer to it (the 2026 edition is closed). Upstream minted this id after note 22; organizer left blank (not on any page we read).",""
"Carbon Capture Technology Expo MENA 2027","2027-carbon-capture-technology-expo-mena-abu-dhabi-speaking","LOCATION","ADNEC Centre, Abu Dhabi","person-confirmed","","operator","2026-10-03","https://www.hydrogenccs-menaexpo.com/","Verified by the operator on the event's own page: the 2027 edition is 8-9 June 2027 at the ADNEC Centre, Abu Dhabi, with a countdown timer to it (the 2026 edition is closed). Upstream minted this id after note 22; organizer left blank (not on any page we read).",""
"ODSC East 2027 (Open Data Science Conference)","2027-odsc-east-boston-speaking","START DATE","2027-05-10","person-confirmed","","operator","2026-10-04","https://odsc.ai/east/","Operator read the event's own page (https://odsc.ai/east/): Menino Convention and Exhibition Center, Boston, MA, May 10-12th, 2027. Pinned so a weekly run cannot move it; the date was already stored correctly.",""
"ODSC East 2027 (Open Data Science Conference)","2027-odsc-east-boston-speaking","CONFERENCE DATES","May 10 - May 12, 2027","person-confirmed","","operator","2026-10-04","https://odsc.ai/east/","Operator read the event's own page (https://odsc.ai/east/): Menino Convention and Exhibition Center, Boston, MA, May 10-12th, 2027. Pinned so a weekly run cannot move it; the date was already stored correctly.",""
"ODSC East 2027 (Open Data Science Conference)","2027-odsc-east-boston-speaking","LOCATION","Menino Convention and Exhibition Center, Boston, MA","person-confirmed","","operator","2026-10-04","https://odsc.ai/east/","Operator read the event's own page (https://odsc.ai/east/): Menino Convention and Exhibition Center, Boston, MA, May 10-12th, 2027. Pinned so a weekly run cannot move it; the date was already stored correctly.",""
"ODSC East 2027 (Open Data Science Conference)","2027-odsc-east-boston-speaking","CITY","Boston","person-confirmed","","operator","2026-10-04","https://odsc.ai/east/","Operator read the event's own page (https://odsc.ai/east/): Menino Convention and Exhibition Center, Boston, MA, May 10-12th, 2027. Pinned so a weekly run cannot move it; the date was already stored correctly.",""
"ODSC East 2027 (Open Data Science Conference)","2027-odsc-east-boston-speaking","STATE_PROVINCE","MA","person-confirmed","","operator","2026-10-04","https://odsc.ai/east/","Operator read the event's own page (https://odsc.ai/east/): Menino Convention and Exhibition Center, Boston, MA, May 10-12th, 2027. Pinned so a weekly run cannot move it; the date was already stored correctly.",""
"Cloud & Cyber Security Expo London 2027","2027-cloud-cyber-security-expo-london-london","START DATE","2027-03-10","page-proven-agrees","","","","https://www.cloudsecurityexpo.com/ | https://www.cloudsecurityexpo.com/why-attend | https://www.techshowlondon.co.uk/call-for-papers","the page states it with a verbatim quote and it equals our shipped value; no person has ruled","10 - 11 March 2027"
"Cloud & Cyber Security Expo London 2027","2027-cloud-cyber-security-expo-london-london","CITY","London","page-proven-agrees","","","","https://www.cloudsecurityexpo.com/ | https://www.cloudsecurityexpo.com/why-attend | https://www.techshowlondon.co.uk/call-for-papers","the page states it with a verbatim quote and it equals our shipped value; no person has ruled","Excel London"
"Cloud & Cyber Security Expo London 2027","2027-cloud-cyber-security-expo-london-london","COUNTRY","UK","page-proven-agrees","","","","https://www.cloudsecurityexpo.com/ | https://www.cloudsecurityexpo.com/why-attend | https://www.techshowlondon.co.uk/call-for-papers","the page states it with a verbatim quote and it equals our shipped value; no person has ruled","The UK's Leading Cyber Security & Cloud Event"
"it-sa Expo & Congress 2026","2026-it-sa-expo-congress-nuremberg","START DATE","2026-10-27","page-proven-agrees","","","","https://www.itsa365.de/en/it-sa-expo-congress","the page states it with a verbatim quote and it equals our shipped value; no person has ruled","27 - 29 October 2026"
"it-sa Expo & Congress 2026","2026-it-sa-expo-congress-nuremberg","CITY","Nuremberg","page-proven-agrees","","","","https://www.itsa365.de/en/it-sa-expo-congress","the page states it with a verbatim quote and it equals our shipped value; no person has ruled","Nuremberg, Germany"
"it-sa Expo & Congress 2026","2026-it-sa-expo-congress-nuremberg","COUNTRY","Germany","page-proven-agrees","","","","https://www.itsa365.de/en/it-sa-expo-congress","the page states it with a verbatim quote and it equals our shipped value; no person has ruled","Nuremberg, Germany"
"SecureWorld Government & Critical Infrastructure 2026","2026-secureworld-government-critical-infrastructure-virtual","START DATE","2026-12-09","page-proven-agrees","","","","https://www.secureworld.io/events","the page states it with a verbatim quote and it equals our shipped value; no person has ruled","2026-12-09"
"SecureWorld Government & Critical Infrastructure 2026","2026-secureworld-government-critical-infrastructure-virtual","FORMAT","Virtual","page-proven-agrees","","","","https://www.secureworld.io/events","the page states it with a verbatim quote and it equals our shipped value; no person has ruled","Virtual Conference"
"CERAWeek 2027 (by S&P Global)","2027-ceraweek-houston","ORGANIZER","S&P Global","page-proven-agrees","","","","https://ceraweek.com/ | https://ceraweek.com/about/faq.html","the page states it with a verbatim quote and it equals our shipped value; no person has ruled","CERAWeek by S&P Global"
"Clean Fuels Conference 2027","2027-clean-fuels-conference-phoenix","START DATE","2027-02-01","page-proven-agrees","","","","https://www.cleanfuelsconference.org/ | https://www.cleanfuelsconference.org/accommodations/ | https://www.cleanfuelsconference.org/agenda/","the page states it with a verbatim quote and it equals our shipped value; no person has ruled","Join us February 1-4, 2027!"
"Clean Fuels Conference 2027","2027-clean-fuels-conference-phoenix","CITY","Phoenix","page-proven-agrees","","","","https://www.cleanfuelsconference.org/ | https://www.cleanfuelsconference.org/accommodations/ | https://www.cleanfuelsconference.org/agenda/","the page states it with a verbatim quote and it equals our shipped value; no person has ruled","Sheraton Phoenix Downtown"
"Clean Fuels Conference 2027","2027-clean-fuels-conference-phoenix","ORGANIZER","Clean Fuels Alliance America","page-proven-agrees","","","","https://www.cleanfuelsconference.org/ | https://www.cleanfuelsconference.org/accommodations/ | https://www.cleanfuelsconference.org/agenda/","the page states it with a verbatim quote and it equals our shipped value; no person has ruled","Clean Fuels Alliance America Offices Missouri Headquarters 605 Clark Ave. PO Box 104898 Jefferson City, MO 65110 (800) 841.5849 Washington D.C. Office 1331 Pennsylvania Ave., NW Suite 505 Washington, D.C. 20004 (888) 246.3437"
"Decarb Connect North America 2027","2026-decarb-connect-north-america-houston","START DATE","2027-02-09","page-proven-agrees","","","","https://decarbconnectnorthamerica.com/ | https://decarbconnectnorthamerica.com/venue/ | https://decarbconnectnorthamerica.com/speakers/","the page states it with a verbatim quote and it equals our shipped value; no person has ruled","09 - 11 February, 2027"
"Decarb Connect North America 2027","2026-decarb-connect-north-america-houston","CITY","Houston","page-proven-agrees","","","","https://decarbconnectnorthamerica.com/ | https://decarbconnectnorthamerica.com/venue/ | https://decarbconnectnorthamerica.com/speakers/","the page states it with a verbatim quote and it equals our shipped value; no person has ruled","Houston, TX"
"Decarb Connect North America 2027","2026-decarb-connect-north-america-houston","ORGANIZER","Decarb Connect Limited","page-proven-agrees","","","","https://decarbconnectnorthamerica.com/ | https://decarbconnectnorthamerica.com/venue/ | https://decarbconnectnorthamerica.com/speakers/","the page states it with a verbatim quote and it equals our shipped value; no person has ruled","Decarb Connect Limited"
"Horizons Clean Energy Expansion Week 2026 (HCEE Week 2026)","2026-horizons-clean-energy-expansion-week-copenhagen","START DATE","2026-11-24","page-proven-agrees","","","","https://www.hceeweek.com/","the page states it with a verbatim quote and it equals our shipped value; no person has ruled","24 – 27 November 2026"
"Horizons Clean Energy Expansion Week 2026 (HCEE Week 2026)","2026-horizons-clean-energy-expansion-week-copenhagen","CITY","Copenhagen","page-proven-agrees","","","","https://www.hceeweek.com/","the page states it with a verbatim quote and it equals our shipped value; no person has ruled","Bella Center, Copenhagen"
"Hydrogen Technology World Expo Europe 2026","2026-hydrogen-technology-world-expo-europe-hamburg","START DATE","2026-10-20","page-proven-agrees","","","","https://www.hydrogen-worldexpo.com/","the page states it with a verbatim quote and it equals our shipped value; no person has ruled","20-22 October 2026"
"Hydrogen Technology World Expo Europe 2026","2026-hydrogen-technology-world-expo-europe-hamburg","CITY","Hamburg","page-proven-agrees","","","","https://www.hydrogen-worldexpo.com/","the page states it with a verbatim quote and it equals our shipped value; no person has ruled","Hamburg Messe, Germany"
"Hydrogen Technology World Expo Europe 2026","2026-hydrogen-technology-world-expo-europe-hamburg","COUNTRY","Germany","page-proven-agrees","","","","https://www.hydrogen-worldexpo.com/","the page states it with a verbatim quote and it equals our shipped value; no person has ruled","Hamburg Messe, Germany"
"Hydrogen Technology World Expo Europe 2026","2026-hydrogen-technology-world-expo-europe-hamburg","ORGANIZER","Trans-Global Events - Part of CloserStill Media Limited","page-proven-agrees","","","","https://www.hydrogen-worldexpo.com/","the page states it with a verbatim quote and it equals our shipped value; no person has ruled","ORGANISED BY Trans-Global Events - Part of CloserStill Media Limited"
"Innovation Zero World Congress 2027","2027-innovation-zero-world-congress-london","CITY","London","page-proven-agrees","","","","https://www.innovationzero.com/","the page states it with a verbatim quote and it equals our shipped value; no person has ruled","Olympia London"
"Innovation Zero World Congress 2027","2027-innovation-zero-world-congress-london","COUNTRY","UK","page-proven-agrees","","","","https://www.innovationzero.com/","the page states it with a verbatim quote and it equals our shipped value; no person has ruled","the UK's leading platform"
"International Conference on Climate Change: Impacts & Responses","2026-nineteenth-international-conference-on-climate-johannesburg","START DATE","2027-01-20","page-proven-agrees","","","","https://on-climate.com/2027-conference | https://on-climate.com/2027-conference/call-for-papers","the page states it with a verbatim quote and it equals our shipped value; no person has ruled","20-22 January 2027"
"International Conference on Climate Change: Impacts & Responses","2026-nineteenth-international-conference-on-climate-johannesburg","CITY","Johannesburg","page-proven-agrees","","","","https://on-climate.com/2027-conference | https://on-climate.com/2027-conference/call-for-papers","the page states it with a verbatim quote and it equals our shipped value; no person has ruled","Johannesburg, South Africa"
"International Conference on Climate Change: Impacts & Responses","2026-nineteenth-international-conference-on-climate-johannesburg","COUNTRY","South Africa","page-proven-agrees","","","","https://on-climate.com/2027-conference | https://on-climate.com/2027-conference/call-for-papers","the page states it with a verbatim quote and it equals our shipped value; no person has ruled","Johannesburg, South Africa"
"International Conference on Climate Change: Impacts & Responses","2026-nineteenth-international-conference-on-climate-johannesburg","ORGANIZER","Common Ground Research Networks","page-proven-agrees","","","","https://on-climate.com/2027-conference | https://on-climate.com/2027-conference/call-for-papers","the page states it with a verbatim quote and it equals our shipped value; no person has ruled","Common Ground Research Networks"
"Hydrogen Americas 2026 Summit & Exhibition","2026-hydrogen-americas-summit-exhibition-houston","START DATE","2026-10-06","page-proven-agrees","","","","https://www.world-hydrogen-summit.com/americas/ | https://www.world-hydrogen-summit.com/americas/venue-and-travel/","the page states it with a verbatim quote and it equals our shipped value; no person has ruled","6-7 October 2026"
"Hydrogen Americas 2026 Summit & Exhibition","2026-hydrogen-americas-summit-exhibition-houston","CITY","Houston","page-proven-agrees","","","","https://www.world-hydrogen-summit.com/americas/ | https://www.world-hydrogen-summit.com/americas/venue-and-travel/","the page states it with a verbatim quote and it equals our shipped value; no person has ruled","Houston, Texas"
