class,sheet,sheet_row,conference,customer_url,customer_location,customer_start,customer_deadline,our_event_id,page_confirmed,page_start_date,evidence_url,evidence_sentence,note
C,arnica,124,World Summit AI Amsterdam,https://worldsummit.ai/,"Taets Art and Event Park, Middenweg 62 (Hembrugterrein), 1505 RK Zaandam, The Netherlands",10/07/2026,04/10/2026,,yes,2026-10-07,https://worldsummit.ai/,"The world's leading AI summit 07 - 08 October 2026 Taets Art & Event Park, Amsterdam",
C,arnica,1,AAAI/ACM Conference on AI Ethics & Society,https://www.aies-conference.com/2026/,"Malmo Live, Malmo, Sweden",10/12/2026,05/14/2026,,yes,2026-10-12,https://www.aies-conference.com/2026/,"Ninth AAAI/ACM Conference on Malmo Live Malmo, Sweden October 12-14, 2026 AI, Ethics, and Society",
C,utility,29,LNG Americas Energy Summit,https://www.americaslngsummit.com/,"Lake Charles, LA",10/13/2026,05/17/2026,,yes,2026-10-13,https://www.americaslngsummit.com/,"Americas LNG Summit & Exhibition October 13-15, 2026 | Event Center Lake Charles, Lake Charles, USA",
C,utility,31,Global Syngas Technologies Conferences (GSTC),https://globalsyngas.org/annual-conference/,"Boston, MA",10/18/2026,06/20/2026,,yes,2026-10-18,https://globalsyngas.org/annual-conference/,"2026 Global Syngas Technologies Conference Gasification and Clean Energy: Projects and Technologies October 18-21, 2026 The Westin Copley Place Boston, MA Call for Abstracts Now Open",
C,arnica,4,AI & Big Data Congress,https://aicongress.barcelona/en/,"L'illa Auditorium, Barcelona, Spain",10/21/2026,04/27/2026,,yes,2026-10-20,https://aicongress.barcelona/en/,"Next 20, 21 and 22 October 2026 the AI Congress twelfth edition will take place in L'illa Auditorium, Barcelona.",The page starts on 20 Oct; the customer's start date is 21 Oct.
C,arnica,37,CDAO Fall,https://cdao-fall.coriniumintelligence.com/,"Renaissance Boston Seaport District, Boston, Massachusetts, USA",10/26/2026,06/28/2026,,yes,2026-10-26,https://cdao-fall.coriniumintelligence.com/,agenda item: 'When: 9:50 AM October 26 2026' (keynote at the Boston event),Date proved only by an agenda line (the page carries no heading date in the plain text); a person should read the page header.
C,utility,36,European Hydrogen Week,https://euhydrogenweek.eu/,"Brussels Expo, Place de Belgique 1, 1020 Brussels, Belgium",10/26/2026,04/29/2026,,yes,2026-10-26,https://euhydrogenweek.eu/,The EUH2Week2026 at a glance: Monday 26/10/2026 ... Friday 30/10/2026,Page shows the week as dd/mm/yyyy day columns.
C,utility,38,AIST Environmental Solutions Air Conference,https://imis.aist.org/Shared_Content/Events/EventENVIRO26.aspx?EventKey=ENVIRO26,"Embassy Suites Los Angeles Glendale, Glendale, CA, USA",10/27/2026,06/29/2026,,yes,2026-10-27,https://imis.aist.org/Shared_Content/Events/EventENVIRO26.aspx?EventKey=ENVIRO26,"Environmental Solutions: Air & Water 27-29 October 2026 - Embassy Suites Los Angeles Glendale - Glendale, CA, USA",
C,utility,41,Alternative Fuels & Chemicals Coalition,https://www.altfuelchem.org/afcc-event-detail,"Gaylord National Resort & Convention Center, Washington, DC",11/1/2026,06/19/2026,,yes,2026-11-01,https://www.altfuelchem.org/afcc-event-detail,"6th Annual AFCC Global Biobased Economy Conference and Exhibition being held in Washington, DC, from November 1-3, 2026.",
C,arnica,12,AI Native DevCon NYC 2026,https://tessl.io/devcon,"Industry City, Building 5, 268 36th Street, Brooklyn, New York, United States",11/03/2026,10/01/2026,,yes,2026-11-02,https://tessl.io/devcon,aiDevCon 2 - 4 November 2026 ... Submit a talk Rolling review. Closes 1st Oct 2026.,Customer start 3 Nov; page range is 2-4 Nov. The page's call closed 1 Oct 2026.
C,utility,43,Global Energy Transition Congress,https://eageget.org/,"Hannover, Germany",11/2/2026,09/15/2026,,yes,2026-11-02,https://eageget.org/,"2-6 NOVEMBER 2026 HANNOVER, GERMANY",
C,arnica,85,Open Source SecurityCon North America,https://events.linuxfoundation.org/kubecon-cloudnativecon-north-america/co-located-events/open-source-securitycon/,"Salt Lake City, UT, USA",11/09/2026,06/21/2026,,yes,2026-11-09,https://events.linuxfoundation.org/kubecon-cloudnativecon-north-america/co-located-events/open-source-securitycon/,"about November 9 2026 Salt Lake City, Utah. SecurityCon, a new event that fosters collaboration and shares innovation in cloud native security and open source software",
C,utility,46,Sustainable Aviation Futures (APAC),https://www.safcongressapac.com/,"Marina Bay Sands, Singapore",11/23/2026,07/26/2026,,yes,2026-11-23,https://www.safcongressapac.com/,"Powering Partnerships to Scale SAF and eFuels Across APAC 23 - 25 November 2026 - Marina Bay Sands, Singapore","Sibling of our Sustainable Aviation Futures Europe/NA rows, a different regional event."
C,arnica,14,AI World Congress,https://aiconference.london/,"The Great Hall, Kensington Conference and Events Centre, Hornton St, Kensington, London W8",11/25/2026,07/28/2026,,yes,2026-11-25,https://aiconference.london/,"AI World Congress 2026 - November 25-26, London (the page title; the plain fetch carries only that line)",
C,arnica,91,OWASP BeNeLux,https://2026.owaspbenelux.eu/,"Utrecht, The Netherlands",11/26/2026,08/28/2026,,yes,2026-11-26,https://2026.owaspbenelux.eu/,"Conference day 26/11/2026, location Utrecht, The Netherlands; training day 27/11/2026",Rows arnica91 and arnica92 are the same event (same URL): one request. Not held (we hold other OWASP events only).
C,arnica,92,OWASP BeNeLux Days,https://2026.owaspbenelux.eu/,"Utrecht, The Netherlands",11/26/2026,08/28/2026,,yes,2026-11-26,https://2026.owaspbenelux.eu/,"Conference day 26/11/2026, location Utrecht, The Netherlands; training day 27/11/2026",Duplicate sheet row of arnica91 (same URL): one request.
C,arnica,26,AWS re: Invent,https://aws.amazon.com/events/reinvent/,"Las Vegas, NV",11/30/2026,06/03/2026,,yes,2026-11-30,https://aws.amazon.com/events/reinvent/,"AWS re:Invent 2026 | The Premier Cloud and AI Conference | Nov 30-Dec 4, Las Vegas (the page title)",
C,arnica,43,Cyber Security Summit Jacksonville,https://cyberriskalliance.swoogo.com/jacksonville-dec-2026,"Sawgrass Marriott Golf Resort & Spa, 1000 Tournament Players Club Blvd, Ponte Vedra Beach,",12/02/2026,09/03/2026,,yes,2026-12-02,https://cyberriskalliance.swoogo.com/jacksonville-dec-2026,"Official Cybersecurity Summit Jacksonville: Wednesday, December 2, 2026 8:00 AM - 6:00 PM EST, Sawgrass Marriott Golf Resort & Spa",
C,arnica,29,Black Hat Europe,https://blackhat.com/europe/,"ExCel London, United Kingdom",12/09/2026,07/22/2026,,yes,2026-12-07,https://blackhat.com/europe/,"Black Hat Europe returns to the Excel in London with a four-day program, 7-10 December 2026.",Page read through a headless browser render (the plain fetch gets HTTP 403). The customer's start date 12/09/2026 is the Briefings; the page's program starts 7 Dec.
C,arnica,64,GITEX Global,https://www.gitex.com/,"Expo City Dubai, Dubai, UAE",12/07/2026,06/10/2026,,yes,2026-12-07,https://www.gitex.com/,GITEX GLOBAL | 7-11 DEC 2026 | DUBAI,
C,arnica,13,AI Summit New York,https://newyork.theaisummit.com/,"Javits Center, New York, NY 10001",12/08/2027,08/10/2027,,yes,2026-12-09,https://newyork.theaisummit.com/,"The AI Summit New York December 9-10, 2026 Javits Center","The customer sheet has 12/08/2027 (and a deadline of 08/10/2027): the year looks wrong, the page says 2026."
C,utility,1,Sustainable Aviation Futures (MENA),https://www.safcongressmena.com/,"Dubai, UAE",2/1/2027,10/04/2026,,yes,2027-02-01,https://www.safcongressmena.com/,"Sustainable Aviation Futures MENA Congress - Dubai, 1-3 February 2027","Sibling of our SAF Europe/NA rows, a different regional event."
C,arnica,5,AI & Big Data Expo Global,https://www.ai-expo.net/global/,"Olympia London, London, UK",02/03/2027,08/07/2026,,yes,2027-02-03,https://www.ai-expo.net/global/,AI & Big Data Expo Global 3-4 FEBRUARY 2027 OLYMPIA LONDON,
C,arnica,116,The Official Cybersecurity Summit,https://cybersecuritysummit.com/summit/atlanta-3/,To Be Announced,02/04/2027,10/07/2026,,yes,2027-02-04,https://cybersecuritysummit.com/summit/atlanta-3/,"Atlanta 2027 To Be Announced February 4, 2027 | 8:00AM - 6:00PM",Venue still 'To Be Announced'.
C,arnica,9,AI Dev World DeveloperWeek,https://www.developerweek.com/ai-devworld/,"Santa Clara Convention Center, Santa Clara, CA",02/09/2027,08/28/2026,,yes,2027-02-09,https://www.developerweek.com/ai-devworld/,"Feb 9-11, 2027 Santa Clara, CA The world's largest AI conference for software developers, engineers, architects",
C,arnica,16,AppSec & DevSecOps (Corinium),https://appsec-devsecops-syd.coriniumintelligence.com/,"Sydney, Australia",02/10/2027,10/13/2026,,yes,2027-02-10,https://appsec-devsecops-syd.coriniumintelligence.com/,Join us 10 February 2027 AppSec & DevSecOps Sydney,
C,arnica,125,Zero Trust World (ZTW by Threatlocker),https://ztw.com/,"Loews Meeting Complex at Universal Orlando, Orlando, FL",02/17/2027,10/20/2026,,yes,2027-02-17,https://ztw.com/,"Zero Trust World February 17-19, 2027 Orlando, FL",
C,arnica,68,HumanX,https://www.humanx.co/us,"Mandalay Bay, Las Vegas, NV",03/07/2027,09/08/2026,,yes,2027-03-07,https://www.humanx.co/us,"HumanX | The #1 AI Conference | Las Vegas | March 7-10, 2027",
C,arnica,21,AppWorld InCyber Forum,https://europe.forum-incyber.com/en/home-en/,"Lille Grand Palais, Lille, France",03/09/2027,09/10/2026,,yes,2027-03-09,https://europe.forum-incyber.com/en/home-en/,"MARCH 9-11, 2027 @ LILLE GRAND PALAIS LILLE, FRANCE",
C,arnica,20,AppWorld Cybersecurity Conference,https://www.f5.com/appworld,Fontainebleau Las Vegas,03/16/2027,09/17/2026,,yes,2027-03-16,https://www.f5.com/appworld,"Save the date! March 16-18, 2027 at Fontainebleau Las Vegas",Read through a headless browser render.
C,utility,63,Smart Energy Week,https://www.wsew.jp/spring/en-gb.html,"Tokyo Big Sight, Japan",3/24/2027,09/25/2026,,yes,2027-03-24,https://www.wsew.jp/spring/en-gb.html,"March 24 - 26, 2027 Tokyo Big Sight, Japan",
C,arnica,100,QCon London,https://qconlondon.com/,"The Queen Elizabeth II Conference Centre, Broad Sanctuary, Westminster, London SW1P 3EE",04/13/2027,10/15/2026,,yes,2027-04-13,https://qconlondon.com/,"Conference: April 13-15, 2027 Certification: April 16, 2027 The QEII Centre, London",
C,arnica,15,AISTATS Conference on AI and Statistics,https://virtual.aistats.org/,"Montreal, Canada",05/03/2027,09/29/2026,,yes,2027-05-03,https://virtual.aistats.org/,"AISTATS 2027 Thirtieth Annual Conference on Artificial Intelligence and Statistics Montreal, Canada May 3rd - 6th, 2027",Read through a headless browser render.
C,arnica,72,Impact Hub Vienna,https://impactdays.at/,"Vienna, Austria",05/11/2027,01/11/2027,,yes,2027-05-10,https://impactdays.at/,"a week of powerful exchange in Vienna from May 10 to May 14, 2027 ... SAVE THE DATE! 11-12 MAY 2027",Customer's name is 'Impact Hub Vienna'; the URL is the Impact Days site.
C,arnica,53,EmTech AI,https://event.technologyreview.com/emtech-ai-2027/,"MIT Media Lab, Cambridge, MA",05/11/2027,11/12/2026,,yes,2027-05-11,https://event.technologyreview.com/emtech-ai-2027/,"EmTech AI 2027 in Cambridge, MA Tuesday, May 11, 2027 - Thursday, May 13, 2027",
C,arnica,109,Secure 360 Conference,https://www.secure360.org/,"Mystic Lake Center, Prior Lake, MN",05/12/2027,01/12/2027,,yes,2027-05-12,https://www.secure360.org/,"Secure360 - 2027 May 12, 2027 - May 13, 2027 Mystic Lake Center in Prior Lake, MN",Read through a headless browser render; the page lists a 2027 CFP.
C,arnica,86,Open Source Summit North America,https://events.linuxfoundation.org/open-source-summit-north-america/,"Vancouver, BC, Canada",05/17/2027,11/18/2026,,yes,2027-05-17,https://events.linuxfoundation.org/open-source-summit-north-america/,"Save the Date! May 17-19, 2027 Vancouver BC #OSSummit",
C,utility,74,Sustainable Aviation Futures Congress,https://www.safcongress.com/,"Beurs van Berlage, Amsterdam",5/24/2027,11/25/2026,,yes,2027-05-24,https://www.safcongress.com/,"Amsterdam 24 - 26 May 2027 BEURS VAN BERLAGE, AMSTERDAM","Sibling of our SAF Europe/NA rows, a different event (the 6th Edition SAF Congress)."
C,arnica,107,SANS ICS Security Summit & Training,https://www.sans.org/cyber-security-training-events/ics-security-summit-2027,"Disney?s Contemporary Resort & Virtual (ET), 4600 North World Drive, Lake Buena Vista, FL ",06/07/2027,12/09/2026,,yes,2027-06-07,https://www.sans.org/cyber-security-training-events/ics-security-summit-2027,"SANS ICS Security Summit & Training 2027 Mon, Jun 7 - Tue, Jun 15, 2027",
C,arnica,115,The AI Summit London,https://london.theaisummit.com/,"Tobacco Dock, Tobacco Quay, Wapping Lane, London E1W 2SF, UK",06/09/2027,12/11/2026,,yes,2027-06-09,https://london.theaisummit.com/,"9-10 June 2027 | Tobacco Dock, London",
C,utility,81,Biofuels Internatinal Conference & Expo,https://biofuels-news.com/conference/,"Hotel Le Plaza, Brussels, Belgium",6/15/2027,02/15/2027,,yes,2027-06-15,https://biofuels-news.com/conference/,"18th Annual Biofuels International Conference & Expo Brussels, Belgium 15-16 June 2027",
C,arnica,42,Cyber Security Congress North America / TechEx,https://www.cybersecuritycloudexpo.com/northamerica/,"San Jose McEnery Convention Center, 150 W San Carlos St, San Jose, CA 95113, United States",06/16/2027,02/16/2027,,yes,2027-06-16,https://www.cybersecuritycloudexpo.com/northamerica/,"Zero Trust Strategies for the Modern Enterprise June 16-17, 2027 San Jose McEnery Convention Center, CA",
C,arnica,6,AI & Big Data Expo North America,https://www.ai-expo.net/northamerica/,"San Jose McEnery Convention Center, 150 W San Carlos St, San Jose, California 95113, USA",06/16/2027,02/16/2027,,yes,2027-06-16,https://www.ai-expo.net/northamerica/,"AI & Big Data Expo North America June 16-17, 2027 San Jose McEnery Convention Center, CA",
C,arnica,10,AI For Good Global Summit,https://aiforgood.itu.int/summit27/,"Palexpo, Route Fran?ois-Peyrot 30, CH-1218 Le Grand-Saconnex, Geneva, Switzerland",06/21/2027,12/23/2026,,yes,2027-06-21,https://aiforgood.itu.int/summit27/,"21-24 June 2027 Palexpo, Geneva",
C,arnica,47,Data + AI Summit,https://www.databricks.com/dataaisummit,San Francisco + Virtual,06/21/2027,12/23/2026,,yes,2027-06-21,https://www.databricks.com/dataaisummit,"Data + AI Summit | Databricks | June 21-24, 2027 SAN FRANCISCO",
C,arnica,52,ECML PKDD European Conference on Machine Learning and Principles and Practice of Knowledge Discovery in Databases,https://ecmlpkdd.org/2027/,"Eindhoven, the Netherlands",09/07/2026,03/11/2026,,yes,2027-08-30,https://ecmlpkdd.org/2027/,"Welcome to: ECML PKDD 2027 30 August to 3 September 2027 EINDHOVEN, THE NETHERLANDS",The customer's URL is the 2027 edition but its start date (09/07/2026) and deadline (03/11/2026) are the 2026 edition: ahead edition is the one at this URL.
C,arnica,11,AI Infra Summit,https://www.ai-infra-summit.com/,San Jose McEnery Convention Center,08/31/2027,03/04/2027,,yes,2027-08-31,https://www.ai-infra-summit.com/,"Aug 31 - Sept 2, 2027 San Jose McEnery Convention Center",
C,arnica,17,AppSec & DevSecOps (Corinium) Singapore,https://appsec-devsecops-sg.coriniumintelligence.com/,Singapore,09/01/2027,05/04/2027,,yes,2027-09-01,https://appsec-devsecops-sg.coriniumintelligence.com/,JOIN US 1 September 2027 AppSec & DevSecOps Singapore,
C,utility,25,Carbon Capture Global Summit,https://www.carboncaptureglobalsummit.com/,Rotterdam,4/13/2027,12/14/2026,,yes,2027-09-07,https://www.carboncaptureglobalsummit.com/,"Carbon Capture Global Summit | The World's Leading Event for CCUS 7-8 September 2027 | Church House Westminster, London","CONFLICT with the customer row (Rotterdam, 4/13/2027, deadline 12/14/2026): the page says London, 7-8 Sep 2027. The Rotterdam 13 Apr 2027 slot is our row 2027-carbon-capture-europe-summit-rotterdam (different URL: carboncaptureeuropesummit.com). Operator: which one does the customer mean? Listed C because the customer's URL is not held."
C,utility,84,AIST Material Science and Technology (MS&T),https://www.matscitech.org/MST27,"David L. Lawrence Convention Center, Pittsburgh, Pennsylvania, USA",10/24/2027,06/01/2026,,yes,2027-10-24,https://www.matscitech.org/MST27,"MS&T: Where Materials Innovation Happens October 24-27, 2027 | David L. Lawrence Convention Center | Pittsburgh, Pennsylvania, USA","Plain fetch gets HTTP 403; read through a headless browser render. Abstracts due May 1, 2027."
C,arnica,77,KubeCon + CloudNativeCon North America,https://events.linuxfoundation.org/kubecon-cloudnativecon-north-america-2027/,"New Orleans, LA, USA",11/08/2027,05/12/2027,,yes,2027-11-08,https://events.linuxfoundation.org/kubecon-cloudnativecon-north-america-2027/,"KubeCon + CloudNativeCon North America 2027 SAVE THE DATE NOVEMBER 8-11 NEW ORLEANS, LOUISIANA",Read through a headless browser render.
C,arnica,117,TMLS Toronto Machine Learning Summit,https://www.torontomachinelearning.com/,"Toronto, Canada",06/16/2027,12/18/2026,,partial,,https://www.torontomachinelearning.com/,"PARTIAL: the page shows 'MLOps North ... Nov 5-6, 2026 ... Toronto' and the TMLS 2026 dates (June 17-18, 2026); the customer's 2027 date (06/16/2027) is NOT on the page",Ahead per the customer only. Upstream must find the TMLS 2027 dates.
C,arnica,120,Upfront Summit,https://upfront.com/summit?stream=top,"Los Angeles, CA",,,,partial,,https://upfront.com/summit,PARTIAL: the page (headless render) carries '2026 Upfront Summit Highlights' and no 2027 date; the customer row has no start date or deadline,Ahead per nothing confirmed: the 2027 date is not announced on the page.
C,arnica,39,Chief AI Officer Summit UK,https://caio-london.re-work.co/,"The Minster Building, London, UK",02/23/2027,10/26/2026,,no,,https://caio-london.re-work.co/,"NOT PAGE-CONFIRMED: the customer's URL (and its sub-pages) return HTTP 404 on 2026-10-05; a web search snippet gave 23 February 2027 at The Minster Building, London, but the page was not readable",Ahead per the customer's date 2027-02-23; upstream must find the organiser's live page.
C,arnica,54,Enterprise AI Singapore (Corinium),https://enterpriseai-sg.coriniumintelligence.com/,"Resorts World Sentosa, Equarius Hotel, 8 Sentosa Gateway, Sentosa Island, Singapore 098269",04/14/2027,12/15/2026,,partial,,https://enterpriseai-sg.coriniumintelligence.com/,JOIN US April 2027 Enterprise AI Singapore,Month only on the page (headless render); customer start 2027-04-14.
C,arnica,99,Planet Cyber Sec Conference,https://planetcybersec.com/,"Orange County, CA",02/01/2027,11/03/2026,,partial,,https://planetcybersec.com/,"Conference Schedule ... February 2027 Planet Cyber Sec AI - Conference Orange County, CA",Month only on the page; no day. Customer start 2027-02-01.
C,utility,16,American Fuel & Petrochemical Manufacturers (AFPM) Summit,https://summit.afpm.org/,"Gaylord Texan Resort & Convention Center, Grapevine, TX",8/30/2027,03/03/2027,,partial,,https://summit.afpm.org/,"PARTIAL: the page shows only the 2026 edition: 'Aug 31 - Sep 3, 2026 Grapevine, TX'; the customer's 2027 date (8/30/2027, Grapevine) is NOT on the page",Ahead per the customer only.
B,utility,28,Industrial Net Zero Conference,https://www.industrialnetzeroconference.com.au/,"Greenhouse, Sydney, Australia",10/13/2026,07/15/2026,2026-industrial-net-zero-conference-sydney (start 2027-10-12) and 2027-industrial-net-zero-conference-tbd (input start 2027-04-13),yes,2026-10-13,https://www.industrialnetzeroconference.com.au/,Industrial Net Zero Conference 2026 | Home 13 - 14 October 2026 Greenhouse | Sydney,"Another edition held (2027). The customer's row is the 2026 edition (13-14 Oct 2026, a week away, its deadline 15 Jul 2026 has passed, status Submitted). NOTE our own two 2027 rows disagree on the start date (2027-10-12 vs input 2027-04-13): not part of this action."
B,arnica,66,Google Cloud Next Las Vegas,https://www.googlecloudevents.com/next-vegas,"Mandalay Bay Convention Center, Las Vegas",04/13/2027,10/15/2026,"2026-google-cloud-next-26-las-vegas (the 2026 edition, start 2026-04-22)",yes,2027-04-13,https://www.googlecloudevents.com/next-vegas,"Next returns in 2027 - Stay in the know April 13-15, 2027* Mandalay Bay Convention Center, Las Vegas","Another edition held (2026). The customer tracks the 2027 edition, which is ahead and not yet a row of ours: ask upstream for the 2027 edition too."
A,arnica,76,it-sa Expo & Congress,https://www.itsa365.de/en/it-sa-expo-congress/visit/visit-itsa-expo,"Nuremberg Exhibition Centre, Nuremberg, Germany",10/27/2026,04/30/2026,2026-it-sa-expo-congress-nuremberg (also 2026-it-sa-expo-congress-nuremberg-exhibiting),n/a (held),2026-10-27,https://www.itsa365.de/en/it-sa-expo-congress,"we hold it: same name, same site, start 2026-10-27","Matcher miss, probable cause (inferred, not tested): two of our rows carry the identical name, URL and start date, so the match was ambiguous and abstained."
A,utility,76,ACS Green Chemisty Institute,https://www.gcande.org/,"Minneapolis, MN",6/7/2027,10/13/2026,2026-green-chemistry-engineering-conference-minneapolis (also 2027-acs-green-chemistry-engineering-conference-reston-speaking),n/a (held),2027-06-07,https://www.gcande.org/,the 31 annual green chemistry engineering conference will be held in minneapolis mn the week of june 7 2027,"Matcher miss, probable cause (inferred, not tested): the customer's name is misspelt ('ACS Green Chemisty Institute') and two of our rows share the host and the start date 2027-06-07. We hold both."
D,arnica,104,SANS CloudSec Next Summit & Training,https://www.sans.org/cyber-security-training-events/cloud-security-exchange-summit-2026,"Hyatt Regency San Francisco Downtown SOMA, San Francisco, CA & Online",08/17/2026,04/19/2026,,n/a (over),,https://www.sans.org/cyber-security-training-events/cloud-security-exchange-summit-2026,customer start 08/17/2026,Over (sheet date; the URL now shows the SANS event list).
D,arnica,106,SANS Cybersecurity Leadership Summit,https://www.sans.org/cyber-security-summit,"Arlington, VA, US",03/17/2026,09/18/2025,,n/a (over),,https://www.sans.org/cyber-security-summit,customer start 03/17/2026,Over (sheet date).
D,arnica,114,The AI Conference,https://aiconference.com/,"Pier 48 ? Shed A and B, 48 Pier 48, San Francisco, CA 94158",09/29/2026,04/02/2026,,n/a (over),,https://aiconference.com/,customer start 09/29/2026 (page title 'The AI Conference 2026 | San Francisco'),Over (sheet date).
D,arnica,25,Artificial Intelligence Conference,https://hcc.idloom.events/artificial-intelligence-symposium-2026,"Houston, TX, USA",04/01/2026,12/02/2025,,n/a (over),,https://hcc.idloom.events/artificial-intelligence-symposium-2026,"Houston City College AI Innovation Symposium & Expo, April 1, 2026",Over.
D,arnica,34,BSides San Francisco,https://bsidessf.org/,"City View at Metreon, 135 4th St #4000, San Francisco, CA 94103",03/21/2026,09/22/2025,,n/a (over),,https://bsidessf.org/,customer start 03/21/2026,Over (sheet date; the page shows no date).
D,arnica,35,BSides Seattle,https://www.bsidesseattle.com/,"Building 92, 15010 NE 36th St, Redmond, WA 98052",02/27/2026,11/21/2025,,n/a (over),,https://www.bsidesseattle.com/,Bsides Seattle 2026 Conference; customer start 02/27/2026,Over.
D,arnica,36,CDAO Defense & Security,https://cdao-def.coriniumintelligence.com/,"Le M?ridien Washington, D.C., 1177 15th Street NW, Washington, DC 20005",09/22/2026,05/25/2026,,n/a (over),,https://cdao-def.coriniumintelligence.com/,"customer start 09/22/2026; page now shows 'JOIN US September 22-23, 2027 | Washington, D.C. CDAO Defense & Security'","Over (the customer's 2026 edition). The NEXT edition, 22-23 Sep 2027, is ahead and confirmed on the page: optional request."
D,arnica,50,DevOpsCon London,https://devopscon.io/?loc=lon,"London, UK",05/11/2026,01/11/2026,,n/a (over),,https://devopscon.io/?loc=lon,"London May 11 - 15, 2026",Over.
D,arnica,58,GAI World,https://www.gaiworld.com/,"Hynes Convention Center, 900 Boylston St, Boston, MA",09/28/2026,05/31/2026,,n/a (over),,https://www.gaiworld.com/,customer start 09/28/2026 (page title 'GAI World 2026'),Over (sheet date).
D,arnica,63,Generative AI Summit,https://www.aidataanalytics.network/events-generativeaisummit,"Novotel West, London, UK",04/13/2026,12/14/2025,,n/a (over),,https://www.aidataanalytics.network/events-generativeaisummit,"13 - 15 April, 2026 | Novotel London West, UK",Over.
D,arnica,70,IEEE Secure Development Conference,https://conf.researchr.org/home/secdev-2026,"Montreal, Canada",07/05/2026,03/08/2026,,n/a (over),,https://conf.researchr.org/home/secdev-2026,"ACM SecDev 2026 Sun 5 - Mon 6 July 2026 Montreal, Canada",Over.
D,arnica,8,AI Dev Summit,https://aidevsummit.co/,"South San Francisco Conference Center, South San Francisco, CA",05/27/2026,01/23/2026,,n/a (over),,https://aidevsummit.co/,"May 27-28, 2026 - South San Francisco, CA",Over.
D,arnica,87,OpenSSF Community Day North America,https://events.linuxfoundation.org/openssf-community-day-north-america/,"Minneapolis, MN, USA",05/21/2026,03/23/2026,,n/a (over),,https://events.linuxfoundation.org/openssf-community-day-north-america/,"this event has passed ... OpenSSF Community Day North America May 21, 2026 Minneapolis",Over.
D,arnica,98,OWASP New Zealand Day,https://appsec.org.nz/conference/,"Sir Owen G. Glenn Building (OGGB), University of Auckland, 16 Grafton Road, Auckland, New ",09/04/2026,07/25/2026,,n/a (over),,https://appsec.org.nz/conference/,OWASP New Zealand Day 2026 1 - 4 September 2026,Over.
D,utility,12,ASME Energy Sustainability Conference,https://event.asme.org/ES,"Bellevue, WA",7/26/2026,11/24/2025,,n/a (over),,https://event.asme.org/ES,20th International Conference on Energy Sustainability - ES 2026 (customer start 7/26/2026),Over.
D,utility,14,North American SAF Conference & Expo,https://saf.bbiconferences.com/ema/DisplayPage.aspx?pageId=Home,"Tacoma, WA",8/25/2026,04/10/2026,,n/a (over),,https://saf.bbiconferences.com/ema/DisplayPage.aspx?pageId=Home,"August 25-27, 2026 Greater Tacoma Convention Center Tacoma, WA",Over.
D,utility,17,Barclays CEO Energy-Power Conference,https://events.barclays.com/ereg/inactive.php?eventid=695276,"Sheraton New York Times Square, 811 Seventh Avenue, New York, NY 10019, United States",09/06/2026,03/10/2026,,n/a (over),,https://events.barclays.com/ereg/inactive.php?eventid=695276,"customer start 09/06/2026, status Closed; the URL is an 'inactive' registration page",Over; an investor conference by invitation.
D,utility,19,"Jeffries Renewables, Clean Energy & Construction Conference",https://www.jefferies.com/events/renewables-clean-energy-construction-conference/,"New York, NY",09/09/2026,03/13/2026,,n/a (over),,https://www.jefferies.com/events/renewables-clean-energy-construction-conference/,"Date: Wednesday, September 9, 2026 through Friday, September 11, 2026 Location: New York, NY. By invitation only",Over; an investor conference by invitation only.
D,utility,20,Fast Company Next Big Things in Tech,https://www.fastcompany.com/apply/next-big-things-in-tech,,09/11/2026,05/15/2026,,n/a (over),,https://www.fastcompany.com/apply/next-big-things-in-tech,customer start 09/11/2026; status says '2026 applications closed; monitor next cycle'; the URL returns HTTP 403,Not an event: a Fast Company awards application programme (cf. the awards queue); its 2026 cycle is closed.
D,utility,22,GasWorld CO2 Summit North America,https://www.gasworld.com/event/north-american-co2-summit-2026/,"New Orleans, LA",9/14/2026,05/17/2026,,n/a (over),,https://www.gasworld.com/event/north-american-co2-summit-2026/,"North American CO2 Summit 2026 14-16 September, 2026 | New Orleans",Over.
D,utility,4,TPH Hotter than Hell Energy Conference,https://investorcenter.slb.com/events/event-details/tphco-hotter-n-hell-energy-conference-1,"Houston, TX",5/12/2026,,,n/a (over),,https://investorcenter.slb.com/events/event-details/tphco-hotter-n-hell-energy-conference-1,"TPHCO Hotter 'N Hell Energy Conference 12 May 2026, Houston TX",Over; an investor conference.
D,utility,5,Green & Sustainable Chemistry Conference,https://www.elsevier.com/events/conferences/all/green-and-sustainable-chemistry-conference,"Dresden, Germany",5/18/2026,12/12/2025,,n/a (over),,https://www.elsevier.com/events/conferences/all/green-and-sustainable-chemistry-conference,"10th Green & Sustainable Chemistry Conference 18-20 May 2026 | Dresden, Germany",Over.
D,utility,9,Hydrogen + Ammonia NA Engineering & Construction Conference,https://www.epcshow.com/hydrogen-ammonia-engineering-construction,"Houston, TX",6/17/2026,Must be Exhibitor/ Sponsor,,n/a (over),,https://www.epcshow.com/hydrogen-ammonia-engineering-construction,customer start 6/17/2026; the customer's URL returns HTTP 404,Over (sheet date).
