"class","sheet","sheet_row","conference","customer_url","customer_location","customer_start","customer_deadline","our_event_id","linked_event_start","linked_event_city","why_flagged","page_confirmed","page_start_date","evidence_url","evidence_sentence","relink","note"
"E","utility","","Industrial Net Zero Conference","https://www.industrialnetzeroconference.com.au/","Greenhouse, Sydney, Australia","2026-10-13","","2026-industrial-net-zero-conference-sydney","2027-10-12","Sydney","date: customer 2026-10-13, linked event 2027-10-12 (364 days apart)","yes","2026-10-13","https://www.industrialnetzeroconference.com.au/","13 - 14 October 2026","2026-industrial-net-zero-conference-sydney-speaking (input row 'Industrial Net Zero Conference 2026', 10/13/2026)","The linked id's database row carries start 2027-10-12 (the 2027 edition) although the page states 13-14 Oct 2026; the 2026 edition is the input row with the -speaking id. Starts in 7 days."
"A","utility","","Decarb Connect Europe","https://decarbconnecteurope.com","Vienna, Austria","2026-06-02","","2027-industry-connect-europe-vienna","2027-04-14","Vienna","date: customer 2026-06-02, linked event 2027-04-14 (316 days apart)","yes","2027-04-14","https://decarbconnecteurope.com","14 - 15 April, 2027","none: link 2027-industry-connect-europe-vienna is the right (next) edition","Customer's date is the over 2026 edition. Our input row 'Decarb Connect Europe 2027' (id 2027-decarb-connect-europe-vienna) says 6/8/2027, the database id industry-connect-europe says 2027-04-14, the page says Apr 14-15: two ids for one event and a stale input START, for the reviewer."
"B","utility","","Global Energy Forum","https://events.reutersevents.com/energy/global-energy-forum","New York City, USA","2027-06-22","","2026-reuters-events-global-energy-forum-new-york-city","2026-06-23","New York City","date: customer 2027-06-22, linked event 2026-06-23 (364 days apart)","partial","","https://events.reutersevents.com/energy/global-energy-forum","PARTIAL: real browser shows the page titled 'Home - Global Energy Forum 2027'; the date text did not render","none held: linked 2026 edition is over; 2027 edition not held","Customer means the 2027 edition. Not proposed for add until its date is read (the page did not render dates)."
"E","utility","","Carbon Capture USA","https://www.ccus-expo.com/","George R Brown Convention Center, Houston, Texas, USA","2027-02-10","","2026-carbon-capture-usa-houston","2026-11-16","Houston","date: customer 2027-02-10, linked event 2026-11-16 (86 days apart)","yes","2027-02-10","https://www.ccus-expo.com/","February 10-11, 2027 (George R Brown Convention Center, Houston per customer)","2027-carbon-capture-technology-expo-north-america-houston (database start 2027-02-10; input row 6/23/2027 is stale)","The link points to Carbon Capture USA (usa.carbon-capture-conference.com, 16-17 Nov 2026), a different event on another site; the customer's URL ccus-expo.com is the Carbon Capture Technology Expo North America."
"B","utility","","Asia Pacific Hydrogen Summit & Exhibition","https://www.world-hydrogen-summit.com/asia-pacific/en-gb.html","Brisbane Convention & Exhibition Centre, Brisbane, Australia","2027-09-23","","2026-asia-pacific-hydrogen-summit-exhibition-adelaide","2026-09-03","Adelaide","date: customer 2027-09-23, linked event 2026-09-03 (385 days apart); place: customer 'Brisbane Convention & Exhibition Centre, Brisbane, Australia', linked event city 'Adelaide'","yes","2027-09-23","https://www.world-hydrogen-summit.com/asia-pacific/en-gb.html","23-24 September 2027 Brisbane Convention & Exhibition Centre","none held: linked 2026 Adelaide edition is over","ADD the 2027 edition (Brisbane)."
"A","utility","","Decarb TechInvest","https://decarbtechinvest.com/","Hyatt Regency Boston, One Ave de Lafayette, Boston, MA 02111, United States","2026-09-09","","2027-decarb-techinvest-boston","2027-09-08","Boston","date: customer 2026-09-09, linked event 2027-09-08 (364 days apart)","partial","","https://decarbtechinvest.com/","PARTIAL: page shows 09 - 10 September, 2026 Boston (the over edition) and no 2027 date","none: link 2027-decarb-techinvest-boston is the next edition","Customer date is the over 2026 edition. Our database says 2027-09-08, the input row says 5/11/2027: neither is on the page."
"B","utility","","Gastech","https://www.gastechevent.com","Houston, United States","2027-09-14","","2026-gastech-bangkok","2026-09-14","Bangkok","date: customer 2027-09-14, linked event 2026-09-14 (365 days apart); place: customer 'Houston, United States', linked event city 'Bangkok'","yes","2027-09-14","https://www.gastechevent.com","EXHIBITION & CONFERENCE 14 - 17 SEPTEMBER 2027 HOUSTON, UNITED STATES","none held: linked 2026 Bangkok edition is over","ADD the 2027 edition (Houston)."
"D","utility","","ESF MENA - Middle East Energy & Sustainability Forum","https://europetro.com/esfmena","Middle East","2026-09-16","","2026-esf-mena-dubai","","Dubai","place: customer 'Middle East', linked event city 'Dubai'","yes","","https://europetro.com/esfmena","Due to the current situation, we have taken the decision not to hold ESF MENA as a standalone event in 2026 ... ESF MENA Q4 2027 ... October 2027","none: the linked 2026 event is not being held","Our row 2026-esf-mena-dubai (input 11/17/2026) is for an event that will not run; the customer's 2026-09-16 is ME-TECH 2026 (14-17 Sep 2026, over). Next ESF MENA is October 2027, no day given."
"A","utility","","H2 MEET / World Hydrogen Expo","https://h2meet.com/html/en/main.php","KINTEX, Korea","2026-11-04","","2026-h2-meet-goyang","2026-11-04","Goyang","place: customer 'KINTEX, Korea', linked event city 'Goyang'","partial","2026-11-04","https://h2meet.com/html/en/main.php","PARTIAL: page text carries no date; the database start 2026-11-04 equals the customer's","none: link is right (KINTEX is in Goyang)","Place disagreement is wording only. Our input row says 9/23/2026 against database 2026-11-04."
"A","utility","","Clean Fuels Conference","https://www.cleanfuelsconference.org/","Mandalay Bay - South Convention Center - Level 3, Las Vegas, NV","2027-02-01","","2027-clean-fuels-conference-phoenix","2027-02-01","Phoenix","place: customer 'Mandalay Bay - South Convention Center - Level 3, Las Vegas, NV', linked event city 'Phoenix'","yes","2027-02-01","https://www.cleanfuelsconference.org/","Clean Fuels Conference Join us February 1-4, 2027!","none: link is right on date","PLACE conflict is unresolved: customer says Mandalay Bay, Las Vegas; our event city is Phoenix; the page text read does not name the venue."
"E","utility","","Decarbonization Congress","https://decarboncongress.com/","Berlin, Germany","2027-02-15","","2026-decarbonization-congress-v-sendorf","2026-02-09","Vösendorf","date: customer 2027-02-15, linked event 2026-02-09 (371 days apart); place: customer 'Berlin, Germany', linked event city 'Vösendorf'","yes","2027-02-15","https://decarboncongress.com/","15-16 February 2027","2027-decarbonization-congress-berlin-speaking (input row 2/15/2027)","Linked to the 2026 Voesendorf edition (over); the 2027 Berlin edition is held under its own id."
"B","utility","","Decarb Connect UK","https://decarbconnectuk.com","London, UK","2027-04-13","","2026-decarb-connect-uk-london","2026-04-15","London","date: customer 2027-04-13, linked event 2026-04-15 (363 days apart)","yes","2027-04-13","https://decarbconnectuk.com","13 - 15 April, 2027","none held: linked 2026 edition is over","ADD the 2027 edition (London). Our 2026 input row carries 11/10/2026, which is not the page's April."
"E","arnica","","Black Hat Asia","https://blackhat.com/call-for-papers.html","Marina Bay Sands, Singapore","2027-03-02","","2026-black-hat-asia-singapore","2026-04-21","Singapore","date: customer 2027-03-02, linked event 2026-04-21 (315 days apart)","yes","2027-03-02","https://blackhat.com/call-for-papers.html","Black Hat Asia 2027 Call for Briefings ... Briefings Dates/Location: 2-3 March 2027, Marina Bay Sands, Singapore (closes 20 October 2026)","2027-black-hat-asia-briefings-singapore (start 2027-03-02)","Linked to the 2026 edition (over); the 2027 Briefings call is held under its own id. Read in a real browser (plain fetch gets 403)."
"B","arnica","","Black Hat USA","https://media.blackhat.com/","Mandalay Bay Convention Center, Las Vegas, NV","2027-07-31","","2026-black-hat-usa-las-vegas","2026-08-01","Las Vegas","date: customer 2027-07-31, linked event 2026-08-01 (364 days apart)","no","","https://blackhat.com/call-for-papers.html","NOT PAGE-CONFIRMED: the page lists Black Hat USA 2026 (August 5-6, 2026) only","none held: linked 2026 edition is over","Customer's 2027-07-31 is not on any page read."
"A","arnica","","CyberDefenseCon 2026 (Cyber Defense Magazine)","https://cyberdefenseconferences.com/","The Rosen Shingle Creek, Orlando, Florida, USA","2027-10-19","","2026-cyberdefensecon-orlando","2026-10-20","Orlando","date: customer 2027-10-19, linked event 2026-10-20 (364 days apart)","yes","2026-10-20","https://cyberdefenseconferences.com/","OctOBER 20-21, 2026","none: link is right","Customer's 2027-10-19 is a year late. Our input row says 10/29/2026, the page says Oct 20-21 2026: input START is stale."
"B","arnica","","CYBERUK","https://www.cyberuk.uk/","Liverpool Experience Campus, Liverpool, UK","2027-05-11","","2026-cyberuk-glasgow","2026-04-21","Glasgow","date: customer 2027-05-11, linked event 2026-04-21 (385 days apart); place: customer 'Liverpool Experience Campus, Liverpool, UK', linked event city 'Glasgow'","yes","2027-05-11","https://www.cyberuk.uk/","11 - 13 MAY 2027, LIVERPOOL EXPERIENCE CAMPUS","none held: linked 2026 Glasgow edition is over","ADD the 2027 edition (Liverpool)."
"B","arnica","","DEF CON 34 (DC34)","https://forum.defcon.org/calendar","Las Vegas Convention Center, Las Vegas, NV","2027-08-05","","2026-def-con-34-las-vegas","2026-08-06","Las Vegas","date: customer 2027-08-05, linked event 2026-08-06 (364 days apart)","no","","https://defcon.org/","NOT PAGE-CONFIRMED: the home page names DEF CON 35 but its dates were not read","none held: linked DC34 (2026) is over; the customer means DC35","DEF CON 35 is not held."
"A","arnica","","DevSecCon","https://snyk.io/events/devseccon/","Virtual","2026-09-01","","2026-devseccon-virtual","2026-10-21","Virtual","date: customer 2026-09-01, linked event 2026-10-21 (50 days apart)","no","","https://snyk.io/events/devseccon/","NOT PAGE-CONFIRMED: the customer's page is the Oct '25 edition; no 2026 date read","none: link 2026-devseccon-virtual is the only DevSecCon event held","Customer date (2026-09-01) is over; our database says 2026-10-21 and the input row 10/14/2026; no page read confirms either."
"B","arnica","","FIRST Annual Conference","https://www.first.org/conference/","Prague, CZ","2028-06-11","","2026-first-38th-annual-conference-denver","2026-06-14","Denver","date: customer 2028-06-11, linked event 2026-06-14 (728 days apart); place: customer 'Prague, CZ', linked event city 'Denver'","yes","2028-06-11","https://www.first.org/conference/","40th Annual FIRST Conference - Save the Date Prague, CZ June 11 - June 16, 2028; 39th Annual FIRST Conference Bangkok, TH June 13 - June 18, 2027","none held: linked 38th (2026 Denver) is over; customer tracks the 40th, Prague 2028","The 39th (Bangkok, Jun 2027) is the next edition and is not held either. Duplicate of the customer's 'FIRST Con' row (part 1). Not proposed: the operator rules whether 2028 or 2027 is wanted."
"B","arnica","","Gartner Security & Risk Management Summit (London)","https://www.gartner.com/en/conferences/emea/security-risk-management-uk","ExCeL London, Royal Victoria Dock, 1 Western Gateway, London, England E16 1XL, United Kingdom","2027-09-21","","2026-gartner-security-risk-management-summit-emea-london","2026-09-22","London","date: customer 2027-09-21, linked event 2026-09-22 (364 days apart)","yes","2027-09-21","https://www.gartner.com/en/conferences/emea/security-risk-management-uk","21 - 23 September 2027 (page title: Gartner Cybersecurity & Risk Management Summit 2027 in London, U.K.)","none held: linked 2026 edition is over","ADD the 2027 edition. Real browser (plain fetch 403)."
"B","arnica","","Gartner Security & Risk Management Summit (National Harbor)","https://www.gartner.com/en/conferences/na/security-risk-management-us","Gaylord National Resort & Convention Center, National Harbor, MD, USA","2027-06-14","","2026-gartner-security-risk-management-summit-national-harbor","2026-06-01","National Harbor","date: customer 2027-06-14, linked event 2026-06-01 (378 days apart)","yes","2027-06-14","https://www.gartner.com/en/conferences/na/security-risk-management-us","June 14 - 16, 2027 (page title: Gartner Security & Risk Management Summit 2027 in National Harbor, MD)","none held: linked 2026 edition is over","ADD the 2027 edition. Real browser (plain fetch 403)."
"B","arnica","","Gartner Security & Risk Management Summit (Tokyo)","https://www.gartner.com/en/conferences/apac/security-risk-management-japan","Grand Nikko Tokyo Daiba, Tokyo, Japan","2027-07-21","","2026-gartner-security-risk-management-summit-japan-tokyo","2026-07-22","Tokyo","date: customer 2027-07-21, linked event 2026-07-22 (364 days apart)","yes","2027-07-21","https://www.gartner.com/en/conferences/apac/security-risk-management-japan","21 - 23 July 2027 (page title: Gartner Cybersecurity & Risk Management Summit 2027 in Tokyo, Japan)","none held: linked 2026 edition is over (2027 add proposed in part 1)","Same row as part 1."
"E","arnica","","Hack In The Box","https://conference.hitb.org","Alila SCBD, Jakarta, Indonesia","2026-04-29","","2026-hack-in-the-box-phuket","2026-08-24","Phuket","date: customer 2026-04-29, linked event 2026-08-24 (117 days apart); place: customer 'Alila SCBD, Jakarta, Indonesia', linked event city 'Phuket'","yes","","https://ootb.net/jkt2026","POSTPONED TO Q4 2026 ... new dates will be announced soon (Out Of The Box - Jakarta, Grand Hyatt, Jakarta)","none held: the customer's Jakarta event (Out Of The Box Jakarta, ootb.net/jkt2026) is not in the database or on the input list","Wrong event linked: our row is HITB Phuket (2026-08-24, conference.hitb.org), a different event. Page confirms the event, not a date. ADD proposed with no start date."
"B","arnica","","IEEE Symposium on Security & Privacy","https://www.ieee-security.org/TC/SP2027/","Le Centre Sheraton Montreal Hotel, Montreal, Canada","2027-05-17","","2026-ieee-symposium-on-security-privacy-san-francisco","2026-05-18","San Francisco","date: customer 2027-05-17, linked event 2026-05-18 (364 days apart); place: customer 'Le Centre Sheraton Montreal Hotel, Montreal, Canada', linked event city 'San Francisco'","yes","2027-05-17","https://www.ieee-security.org/TC/SP2027/","MAY 17-20, 2027 AT LE CENTRE SHERATON MONTREAL HOTEL, MONTREAL, CANADA 48th IEEE Symposium on Security and Privacy","none held: linked 47th (2026 San Francisco) is over","ADD the 2027 edition (48th, Montreal)."
"A","arnica","","InfoSec World","https://www.infosecworldusa.com","Gaylord Palms Resort & Convention Center, Orlando, Florida, USA","2026-10-11","","2026-infosec-world-orlando","2026-10-12","Kissimmee","place: customer 'Gaylord Palms Resort & Convention Center, Orlando, Florida, USA', linked event city 'Kissimmee'","yes","2026-10-11","https://www.infosecworldusa.com","October 11-15, 2026","none: link is right (Gaylord Palms is in Kissimmee)","Place is wording only. One-day date gap: 10/11 is the first day, 10/12 the main conference (ruling R-001 says main conference)."
"B","arnica","","Infosecurity Europe","https://www.infosecurityeurope.com/","Excel London, One Western Gateway, Royal Victoria Dock, London E16 1XL, UK","2027-06-08","","2026-infosecurity-europe-london","2026-06-02","London","date: customer 2027-06-08, linked event 2026-06-02 (371 days apart)","yes","2027-06-08","https://www.infosecurityeurope.com/","8-10 June 2027","none held: linked 2026 edition is over","ADD the 2027 edition (London)."
"A","arnica","","Nullcon","https://nullcon.net/event/nullcon-goa-2027/","ATI ONGC, Goa","2027-02-27","","2026-nullcon-goa-bambolim","2027-02-27","Grand Hyatt Goa","place: customer 'ATI ONGC, Goa', linked event city 'Grand Hyatt Goa'","yes","2027-02-27","https://nullcon.net/event/nullcon-goa-2027/","24th - 26th February 2027 trainings; 27th - 28th February 2027 conference","none: link 2026-nullcon-goa-bambolim is Nullcon Goa 2027 (start 2027-02-27)","Venue differs (customer ATI ONGC, ours Grand Hyatt Goa); the page text read does not state it. Our input START is 3/4/2027, the page says Feb 27-28: stale."
"E","arnica","","Troopers","https://troopers.de/","halle02, Zollhofgarten 2, 69115 Heidelberg, Germany","2027-06-21","","2026-troopers-heidelberg","2026-06-22","Heidelberg","date: customer 2027-06-21, linked event 2026-06-22 (364 days apart)","yes","2027-06-21","https://troopers.de/","June 21st to June 25th TROOPERS 2027 Trainings: June 21st to 22nd Conference: June 23rd to 25th","2027-troopers-27-heidelberg (start 2027-06-21)","Linked to the 2026 edition (over); the 2027 edition is held under its own id. Customer date is the training start, main conference is June 23 (R-001)."
"B","arnica","","USENIX Security Symposium","https://www.usenix.org/conference/usenixsecurity28","Seattle, WA, United States","2028-08-16","","2026-usenix-security-symposium-baltimore","2026-08-12","Baltimore","date: customer 2028-08-16, linked event 2026-08-12 (735 days apart); place: customer 'Seattle, WA, United States', linked event city 'Baltimore'","no","","https://www.usenix.org/conference/usenixsecurity28","NOT PAGE-CONFIRMED: the page loaded but carries no date or place text","none held: linked 35th (2026 Baltimore) is over","Customer tracks the 2028 edition (Seattle); the 2027 edition is not held either. Not proposed."
"A","utility","","European Carbon Capture, Utilization & Storage","https://www.europe.carbon-capture-conference.com","Amsterdam, Netherlands","2026-02-23","","2027-european-carbon-capture-utilization-storage-amsterdam","2027-01-26","Amsterdam","date: customer 2026-02-23, linked event 2027-01-26 (337 days apart)","partial","","https://www.europe.carbon-capture-conference.com","PARTIAL: page shows 23 - 24 February, 2026 (the over edition); the 2027 date 2027-01-26 was not read","none: link 2027-european-carbon-capture-utilization-storage-amsterdam is the next edition","Customer date is the over 2026 edition."
"A","utility","","Renewable Materials Conference","https://renewable-materials.eu/","Siegburg, Germany","2026-09-22","","2026-renewable-materials-conference-siegburg","2027-09-21","Siegburg","date: customer 2026-09-22, linked event 2027-09-21 (364 days apart)","partial","","https://renewable-materials.eu/","PARTIAL: page shows 'Renewable Materials Conference 2026, 22 to 24 September, Siegburg' (the over edition); no 2027 date read","none: right event; its database id says 2026 but its start is 2027-09-21","Customer date is the over 2026 edition. Held in the database only, not on Utility_input.csv. Id year 2026 with a 2027 start is inconsistent."
"B","utility","","Sustainable Aviation Futures (NAM)","https://www.safcongressna.com/","Marriott Marquis, Houston, Texas","2026-11-04","","2027-sustainable-aviation-futures-north-america-houston","2027-10-12","Houston","date: customer 2026-11-04, linked event 2027-10-12 (342 days apart)","yes","2026-11-04","https://www.safcongressna.com/","SAF North America Congress November 4-6, 2026 - Marriott Marquis, Houston","none held for 2026: linked row is the 2027 edition (2027-10-12)","ADD the 2026 edition (also in part 1)."
"A","utility","","CES","https://www.ces.tech/","Las Vegas, Nevada, USA","2028-01-11","","2027-ces-las-vegas","2027-01-06","Las Vegas","date: customer 2028-01-11, linked event 2027-01-06 (370 days apart)","yes","2027-01-06","https://www.ces.tech/","January 6-9 Las Vegas, NV; Registration for CES 2027 is now open","none: link 2027-ces-las-vegas is the only CES edition the site announces","Customer's 2028-01-11 is not on the page."
"A","arnica","","CES","https://www.ces.tech/cfs","Las Vegas, NV","2029-01-09","","2027-ces-las-vegas","2027-01-06","Las Vegas","date: customer 2029-01-09, linked event 2027-01-06 (734 days apart)","yes","2027-01-06","https://www.ces.tech/cfs","CES 2027 Speakers ... Our CES 2027 Call for Speakers","none: link 2027-ces-las-vegas is right","Customer's URL is the CES 2027 call; its date 2029-01-09 is wrong."
