"class","sheet","sheet_row","conference","customer_url","customer_location","customer_start","customer_deadline","our_event_id","page_confirmed","page_start_date","evidence_url","evidence_sentence","note","relink"
"B","utility","","Hydrogen Technology Expo MENA","https://www.hydrogenccs-menaexpo.com/welcome-hydrogen","ADNEC Centre Abu Dhabi, Al Khaleej Al Arabi Street, Abu Dhabi, Abu Dhabi Emirate 5546, UAE","6/8/2027","02/08/2027","2026-hydrogen-technology-expo-mena-abu-dhabi (2026 edition; its start is 2026-06-09 in the database and 11/10/2026 on the input list)","yes","2027-06-08","https://www.hydrogenccs-menaexpo.com/welcome-hydrogen","Powering the Future of Hydrogen Technology 8-9 June 2027, ADNEC Centre, Abu Dhabi","We hold the 2026 edition and the sibling Carbon Capture MENA 2027; the 2027 Hydrogen edition is not on the input list.","ADD the 2027 edition"
"A","utility","","Carbon Capture Technology Expo MENA","https://www.hydrogenccs-menaexpo.com/welcome-carbon-capture","ADNEC Centre Abu Dhabi, Al Khaleej Al Arabi Street, Abu Dhabi, Abu Dhabi Emirate 5546, UAE","6/8/2027","02/08/2027","2027-carbon-capture-technology-expo-mena-abu-dhabi-speaking (input row, 6/8/2027)","yes","2027-06-08","https://www.hydrogenccs-menaexpo.com/welcome-carbon-capture","Advancing The Transition To A Low Carbon Future 8-9 June 2027, ADNEC Centre, Abu Dhabi","Held under another URL (site root) and id; same dates as the customer's row.","none (held)"
"C","arnica","","Gartner Identity & Access Management Summit","https://www.gartner.com/en/conferences/emea/identity-access-management-uk","InterContinental London – The O2, 1 Waterview Drive, London, England SE10 0TW, United Kingdom","3/8/2027","09/09/2026","","yes","2027-03-08","https://www.gartner.com/en/conferences/emea/identity-access-management-uk","8 - 9 March 2027 (page title: Gartner Identity & Access Management Summit 2027 in London, U.K.)","We hold only the Las Vegas IAM Summit 2026 (2026-12-07); this is the London EMEA event. Read in a real browser (plain fetch gets HTTP 403).","ADD"
"B","arnica","","Gartner Security & Risk Management Summit (Tokyo)","https://www.gartner.com/en/conferences/apac/security-risk-management-japan","Grand Nikko Tokyo Daiba, Tokyo, Japan","7/21/2027","01/22/2027","2026-gartner-security-risk-management-summit-japan-tokyo (2026 edition, 2026-07-22, over)","yes","2027-07-21","https://www.gartner.com/en/conferences/apac/security-risk-management-japan","21 - 23 July 2027 (page title: Gartner Cybersecurity & Risk Management Summit 2027 in Tokyo, Japan)","Read in a real browser (plain fetch gets HTTP 403). Page start 21 July 2027, customer 2027-07-21.","ADD the 2027 edition; the customer row is linked to the 2026 edition (also in part 2)"
"A","arnica","","Google Cloud Next","https://www.googlecloudevents.com/next-vegas","Mandalay Bay Convention Center, Las Vegas, NV, USA","4/13/2027","10/15/2026","2027-google-cloud-next-las-vegas-speaking (input row 'Google Cloud Next Las Vegas 2027', start 4/6/2027)","yes","2027-04-13","https://www.googlecloudevents.com/next-vegas","Next returns in 2027 - April 13-15, 2027 Mandalay Bay Convention Center, Las Vegas","Listed twice by the customer (see 'Google Cloud Next Las Vegas'). Our input row says 4/6/2027; the page says April 13-15 2027 (select programming April 12): our input START is stale, research should correct it.","none (held)"
"B","arnica","","OWASP Global AppSec EU","https://owasp.org/events/","Vienna, Austria","6/19/2028","12/22/2027","2026-owasp-global-appsec-eu-vienna (2026 edition, 2026-06-25, over)","no","","https://owasp.org/events/","NOT PAGE-CONFIRMED: owasp.org/events carries no 2028 date","Customer's date 2028-06-19 is two years out; the 2027 EU edition is not on the sheet.","none yet: 2028 is too far for a call; operator may rule it into customer_not_researched.csv"
"B","arnica","","OWASP Global AppSec USA","https://owasp.org/events/","Atlanta, GA","9/20/2027","06/29/2026","2026-owasp-global-appsec-usa-san-francisco (2026 edition, 2026-11-02, ahead)","no","","https://globalappsec.org/","NOT PAGE-CONFIRMED: globalappsec.org shows only 2026 (training Nov 2-4, conference Nov 5-6, 2026, San Francisco)","Customer's 2027-09-20 is the next edition; the page does not state it. Revisit when the 2027 page exists.","none yet (2027 edition not announced on the page)"
"B","arnica","","Wild West Hackin' Fest @ Mile High","https://wildwesthackinfest.com/wild-west-hackin-fest-mile-high-2027/","Sheraton Denver Downtown Hotel, 1550 Court Pl, Denver, CO 80202","2/17/2027","10/20/2026","2026-wild-west-hackin-fest-mile-high-denver (database start 2026-02-11, over; input row start 10/21/2026 looks wrong)","yes","2027-02-17","https://wildwesthackinfest.com/wild-west-hackin-fest-mile-high-2027/","Mile High 2027 Pre-Conference Training February 16-17, 2027 Live and Virtual Conference February 17-19, 2027 Sheraton Denver Downtown Hotel","Input row 'Wild West Hackin' Fest @ Mile High 2026' carries 10/21/2026 although the page's editions are Feb 2026 and Feb 2027: for the reviewer to check.","ADD the 2027 edition; the held row is the 2026 edition"
"A","utility","","Carbon Capture Global Summit","https://www.carboncaptureglobalsummit.com/","Rotterdam","4/13/2027","12/14/2026","2027-carbon-capture-global-summit-london-speaking (input row, 9/7/2027)","yes","2027-09-07","https://www.carboncaptureglobalsummit.com/","The World's Leading Event for CCUS 7-8 September 2027 | Church House Westminster, London","Customer's date 4/13/2027 and place 'Rotterdam' are those of Sustainable Fuels Global Summit 2027 (also held): the customer row's date and place are wrong, ours are right.","none (held)"
"B","utility","","Sustainable Aviation Futures (NAM)","https://www.safcongressna.com/","Marriott Marquis, Houston, Texas","11/4/2026","07/07/2026","2027-sustainable-aviation-futures-north-america-houston (the 2027 edition, 2027-10-12)","yes","2026-11-04","https://www.safcongressna.com/","SAF North America Congress November 4-6, 2026 - Marriott Marquis, Houston","Customer row is the 2026 edition (Nov 4-6 2026), four weeks away; we hold the 2027 one only.","ADD the 2026 edition (the customer's); the held row is the 2027 edition (also in part 2)"
"A","utility","","Clean Tech Forum","https://www.cleantech.com/event/cleantech-forum-na/","Paradise Point Resort & Spa, 1404 Vacation Road, San Diego, CA 92109","1/25/2027","9/27/2026","2027-cleantech-forum-north-america-san-diego (database, 2027-01-25; on Bioeconomy_input.csv, NOT on Utility_input.csv)","yes","2027-01-25","https://www.cleantech.com/event/cleantech-forum-na/","Cleantech Forum North America January 25-27, 2027 San Diego","Held, but only on the Bioeconomy input list, which is not researched weekly (only Cybersecurity and Utility are).","none (held in another market's list)"
"A","utility","","CO2-based Fuels and Chemicals Conference","https://co2-chemistry.eu/","Maternushaus, Cologne, Germany","4/21/2027","11/16/2026","2026-co2-based-fuels-and-chemicals-conference-cologne (database, 2027-04-21; on Bioeconomy_input.csv only)","yes","2027-04-21","https://co2-chemistry.eu/","21-22 April 2027, CO2-based Fuels and Chemicals Conference, Maternushaus, Cologne; Call for Abstracts: 16 Nov. 2026","Held only on the Bioeconomy list (not weekly). Its id carries year 2026 but its start is 2027-04-21.","none (held in another market's list)"
"A","utility","","ARPA-E Summit","https://www.arpae-summit.com/","Gaylord Palms Resort & Convention Center, Orlando, FL","4/26/2027","10/28/2026","2027-arpa-e-energy-innovation-summit-orlando (database, 2027-04-26; on Bioeconomy_input.csv only)","yes","2027-04-26","https://www.arpae-summit.com/","The 2027 ARPA-E Energy Innovation Summit will take place April 26-28, 2027, at the Gaylord Palms Resort & Convention Center in Orlando, Florida","Held only on the Bioeconomy list (not weekly).","none (held in another market's list)"
"A","utility","","European Biomass Conference & Exhibition","https://www.eubce.com/","Reims, France","","10/30/2026","2026-european-biomass-conference-exhibition-reims (database, 2027-05-25; on Bioeconomy_input.csv only)","yes","2027-05-25","https://www.eubce.com/","EUBCE 2027: Tue 25 - Fri 28 May Centre des Congres de Reims, France","Customer row has no start date. Held only on the Bioeconomy list (not weekly).","none (held in another market's list)"
"A","arnica","","ECML PKDD European Conference on Machine Learning and Principles and Practice of Knowledge Discovery in Databases","https://ecmlpkdd.org/2027/","Eindhoven, the Netherlands","9/7/2026","03/11/2026","2027-ecml-pkdd-wuerzburg-speaking (input row, 8/30/2027)","yes","2027-08-30","https://ecmlpkdd.org/2027/","EINDHOVEN, THE NETHERLANDS Welcome to: ECML PKDD 2027 30 August to 3 September 2027","Customer's date 2026-09-07 is the over 2026 edition. Our id says wuerzburg but the page says Eindhoven: the place in our id/row is for the reviewer to check.","none (held)"
"D","arnica","","World Summit AI Amsterdam","https://worldsummit.ai/","Taets Art and Event Park, Middenweg 62 (Hembrugterrein), 1505 RK Zaandam, The Netherlands","10/7/2026","04/10/2026","","yes","2026-10-07","https://worldsummit.ai/","The world's leading AI summit 07 - 08 October 2026 Taets Art & Event Park, Amsterdam","Research cannot help an event that starts before the next research run (Sat 2026-10-10). Not in the proposal CSV.","none: starts tomorrow; proposed for docs/operations/customer_not_researched.csv, ruled by the operator"
"C","arnica","","ODSC Open Data Science Conference West","https://odsc.ai/west/","Hyatt Regency SFO, 1333 Old Bayshore Hwy, Burlingame, CA 94010, USA","10/27/2026","05/15/2026","","yes","2026-10-27","https://odsc.ai/west/","THE #1 AI BUILDERS CONFERENCE Oct 27 - Oct 29, SAN FRANCISCO (ODSC AI West 2026)","We hold ODSC East 2027 only. Starts 3 weeks from now, so the research value is low; the operator rule is that every customer row is researched.","ADD"
"C","arnica","","SANS AI Cybersecurity Summit","https://www.sans.org/ai-cybersecurity-summit","Arlington, VA & Live Online","4/20/2027","10/22/2026","","partial","","https://www.sans.org/ai-cybersecurity-summit","PARTIAL: the page is titled 'SANS AI Cybersecurity Summit 2026' (Summit: Apr 20-21 | Training: Apr 22-27, Arlington, VA & Live Online): the 2026 edition, now over; it states no 2027 date","We hold other SANS events (CDI 2026, CTI/OSINT Summit 2027, ICS Summit 2027) but not this one.","ADD (customer date 2027-04-20 is not on the page)"
"C","arnica","","Nullcon Berlin","https://nullcon.net/event/nullcon-berlin-2026/","The Westin Grand, Berlin, Germany","11/5/2026","07/12/2026","","yes","2026-11-05","https://nullcon.net/event/nullcon-berlin-2026/","Nullcon Berlin 2026 Training: 2nd - 4th November 2026 | Conference: 5th - 6th November 2026 Venue: Maritim proArte Hotel Berlin","We hold Nullcon Goa 2027 only.","ADD"
"A","arnica","","AI Summit New York","https://newyork.theaisummit.com/","Javits Center, New York, NY 10001","12/8/2027","08/10/2027","2026-ai-summit-new-york-new-york-speaking (input row, 12/9/2026)","yes","2026-12-09","https://newyork.theaisummit.com/","The AI Summit New York December 9-10, 2026 Javits Center","Customer's date 12/8/2027 is a year out and not on the page; ours matches the page.","none (held)"
"A","arnica","","CES","https://www.ces.tech/cfs","Las Vegas, NV","1/9/2029","07/13/2028","2027-ces-las-vegas (database and input row 'CES 2027 (... Smart Energy & Clean Tech)', 2027-01-06; on the Utility list, not the Cybersecurity list)","yes","2027-01-06","https://www.ces.tech/cfs","CES 2027 Speakers: Our CES 2027 Call for Speakers (page header: January 6-9 Las Vegas, NV)","The customer's URL is the CES 2027 call-for-speakers page; its date 2029-01-09 is wrong. Held only on the Utility list.","none (held)"
"A","arnica","","SXSW AI Track","https://sxsw.com/tracks/","Austin, TX","3/15/2027","07/26/2026","2027-sxsw-austin (database; on ConsumerElectronics_input.csv only), start 2027-03-15","yes","2027-03-15","https://sxsw.com/tracks/","March 15-21, 2027 | Austin, TX (SXSW tracks page; AI is a track of SXSW 2027)","A track of SXSW 2027, held under the festival's row; the ConsumerElectronics list is not researched weekly.","none (held, as the whole festival)"
"A","arnica","","Google Cloud Next Las Vegas","https://www.googlecloudevents.com/next-vegas","Mandalay Bay Convention Center, Las Vegas","4/13/2027","10/15/2026","2027-google-cloud-next-las-vegas-speaking (input row, 4/6/2027)","yes","2027-04-13","https://www.googlecloudevents.com/next-vegas","Next returns in 2027 - April 13-15, 2027 Mandalay Bay Convention Center, Las Vegas","Duplicate customer row of 'Google Cloud Next'. Same stale START on our input row (4/6/2027 vs page April 13-15).","none (held)"
"B","arnica","","FIRST Con","https://www.first.org/conference/","Prague, CZ","6/11/2028","12/14/2027","2026-first-38th-annual-conference-denver (38th, 2026-06-14, over)","yes","2028-06-11","https://www.first.org/conference/","40th Annual FIRST Conference - Save the Date Prague, CZ June 11 - June 16, 2028; 39th Annual FIRST Conference Bangkok, TH June 13 - June 18, 2027","Same event as the customer's 'FIRST Annual Conference' (part 2). Operator may rule 2028 into customer_not_researched.csv or ask for the 2027 edition.","none yet: customer tracks the 40th (2028); the 39th (Bangkok, Jun 2027) is the next edition and is not held"
