event_id,market,given_on,source
2026-aaai-acm-conference-ai-ethics-society-malmo-speaking,Cybersecurity,2026-10-05,upstream replies to notes 29b and 30 (2026-10-05)
2026-ai-big-data-congress-barcelona-speaking,Cybersecurity,2026-10-05,upstream replies to notes 29b and 30 (2026-10-05)
2026-cdao-fall-boston-speaking,Cybersecurity,2026-10-05,upstream replies to notes 29b and 30 (2026-10-05)
2026-ai-native-devcon-nyc-new-york-speaking,Cybersecurity,2026-10-05,upstream replies to notes 29b and 30 (2026-10-05)
2026-open-source-securitycon-north-america-salt-lake-city-speaking,Cybersecurity,2026-10-05,upstream replies to notes 29b and 30 (2026-10-05)
2026-ai-world-congress-london-speaking,Cybersecurity,2026-10-05,upstream replies to notes 29b and 30 (2026-10-05)
2026-owasp-benelux-eindhoven-speaking,Cybersecurity,2026-10-05,upstream replies to notes 29b and 30 (2026-10-05)
2026-aws-reinvent-las-vegas-speaking,Cybersecurity,2026-10-05,upstream replies to notes 29b and 30 (2026-10-05)
2026-cyber-security-summit-jacksonville-jacksonville-speaking,Cybersecurity,2026-10-05,upstream replies to notes 29b and 30 (2026-10-05)
2026-black-hat-europe-london-speaking,Cybersecurity,2026-10-05,upstream replies to notes 29b and 30 (2026-10-05)
2026-gitex-global-dubai-speaking,Cybersecurity,2026-10-05,upstream replies to notes 29b and 30 (2026-10-05)
2026-ai-summit-new-york-new-york-speaking,Cybersecurity,2026-10-05,upstream replies to notes 29b and 30 (2026-10-05)
2027-ai-big-data-expo-global-london-speaking,Cybersecurity,2026-10-05,upstream replies to notes 29b and 30 (2026-10-05)
2027-official-cybersecurity-summit-atlanta-speaking,Cybersecurity,2026-10-05,upstream replies to notes 29b and 30 (2026-10-05)
2027-ai-dev-world-developerweek-san-francisco-speaking,Cybersecurity,2026-10-05,upstream replies to notes 29b and 30 (2026-10-05)
2027-appsec-devsecops-sydney-speaking,Cybersecurity,2026-10-05,upstream replies to notes 29b and 30 (2026-10-05)
2027-zero-trust-world-ztw-orlando-speaking,Cybersecurity,2026-10-05,upstream replies to notes 29b and 30 (2026-10-05)
2027-humanx-las-vegas-speaking,Cybersecurity,2026-10-05,upstream replies to notes 29b and 30 (2026-10-05)
2027-appworld-incyber-forum-lille-speaking,Cybersecurity,2026-10-05,upstream replies to notes 29b and 30 (2026-10-05)
2027-appworld-cybersecurity-conference-las-vegas-speaking,Cybersecurity,2026-10-05,upstream replies to notes 29b and 30 (2026-10-05)
2027-qcon-london-speaking,Cybersecurity,2026-10-05,upstream replies to notes 29b and 30 (2026-10-05)
2027-aistats-conference-ai-statistics-valencia-speaking,Cybersecurity,2026-10-05,upstream replies to notes 29b and 30 (2026-10-05)
2027-impact-days-vienna-speaking,Cybersecurity,2026-10-05,upstream replies to notes 29b and 30 (2026-10-05)
2027-emtech-ai-cambridge-speaking,Cybersecurity,2026-10-05,upstream replies to notes 29b and 30 (2026-10-05)
2027-secure-360-conference-prior-lake-speaking,Cybersecurity,2026-10-05,upstream replies to notes 29b and 30 (2026-10-05)
2027-open-source-summit-north-america-denver-speaking,Cybersecurity,2026-10-05,upstream replies to notes 29b and 30 (2026-10-05)
2027-sans-ics-security-summit-orlando-speaking,Cybersecurity,2026-10-05,upstream replies to notes 29b and 30 (2026-10-05)
2027-ai-summit-london-speaking,Cybersecurity,2026-10-05,upstream replies to notes 29b and 30 (2026-10-05)
2027-cyber-security-congress-north-america-santa-clara-speaking,Cybersecurity,2026-10-05,upstream replies to notes 29b and 30 (2026-10-05)
2027-ai-big-data-expo-north-america-santa-clara-speaking,Cybersecurity,2026-10-05,upstream replies to notes 29b and 30 (2026-10-05)
2027-ai-for-good-global-summit-geneva-speaking,Cybersecurity,2026-10-05,upstream replies to notes 29b and 30 (2026-10-05)
2027-data-ai-summit-san-francisco-speaking,Cybersecurity,2026-10-05,upstream replies to notes 29b and 30 (2026-10-05)
2027-ecml-pkdd-wuerzburg-speaking,Cybersecurity,2026-10-05,upstream replies to notes 29b and 30 (2026-10-05)
2027-ai-infra-summit-san-jose-speaking,Cybersecurity,2026-10-05,upstream replies to notes 29b and 30 (2026-10-05)
2027-appsec-devsecops-singapore-speaking,Cybersecurity,2026-10-05,upstream replies to notes 29b and 30 (2026-10-05)
2027-kubecon-cloudnativecon-north-america-chicago-speaking,Cybersecurity,2026-10-05,upstream replies to notes 29b and 30 (2026-10-05)
2027-tmls-toronto-machine-learning-summit-toronto-speaking,Cybersecurity,2026-10-05,upstream replies to notes 29b and 30 (2026-10-05)
2027-upfront-summit-los-angeles-speaking,Cybersecurity,2026-10-05,upstream replies to notes 29b and 30 (2026-10-05)
2027-chief-ai-officer-summit-uk-london-speaking,Cybersecurity,2026-10-05,upstream replies to notes 29b and 30 (2026-10-05)
2027-enterprise-ai-singapore-speaking,Cybersecurity,2026-10-05,upstream replies to notes 29b and 30 (2026-10-05)
2027-planet-cyber-sec-conference-san-jose-speaking,Cybersecurity,2026-10-05,upstream replies to notes 29b and 30 (2026-10-05)
2027-google-cloud-next-las-vegas-speaking,Cybersecurity,2026-10-05,upstream replies to notes 29b and 30 (2026-10-05)
2027-cdao-defense-security-washington-speaking,Cybersecurity,2026-10-05,upstream replies to notes 29b and 30 (2026-10-05)
2026-lng-americas-energy-summit-lake-charles-speaking,Utility,2026-10-05,upstream replies to notes 29b and 30 (2026-10-05)
2026-global-syngas-technologies-conference-colorado-springs-speaking,Utility,2026-10-05,upstream replies to notes 29b and 30 (2026-10-05)
2026-european-hydrogen-week-brussels-speaking,Utility,2026-10-05,upstream replies to notes 29b and 30 (2026-10-05)
2026-aist-environmental-solutions-air-conference-indianapolis-speaking,Utility,2026-10-05,upstream replies to notes 29b and 30 (2026-10-05)
2026-alternative-fuels-chemicals-coalition-washington-speaking,Utility,2026-10-05,upstream replies to notes 29b and 30 (2026-10-05)
2026-global-energy-transition-congress-milan-speaking,Utility,2026-10-05,upstream replies to notes 29b and 30 (2026-10-05)
2026-sustainable-aviation-futures-apac-singapore-speaking,Utility,2026-10-05,upstream replies to notes 29b and 30 (2026-10-05)
2027-sustainable-aviation-futures-mena-dubai-speaking,Utility,2026-10-05,upstream replies to notes 29b and 30 (2026-10-05)
2027-smart-energy-week-tokyo-speaking,Utility,2026-10-05,upstream replies to notes 29b and 30 (2026-10-05)
2027-sustainable-aviation-futures-congress-amsterdam-speaking,Utility,2026-10-05,upstream replies to notes 29b and 30 (2026-10-05)
2027-biofuels-international-conference-expo-brussels-speaking,Utility,2026-10-05,upstream replies to notes 29b and 30 (2026-10-05)
2027-carbon-capture-global-summit-london-speaking,Utility,2026-10-05,upstream replies to notes 29b and 30 (2026-10-05)
2027-aist-material-science-technology-pittsburgh-speaking,Utility,2026-10-05,upstream replies to notes 29b and 30 (2026-10-05)
2027-afpm-summit-san-antonio-speaking,Utility,2026-10-05,upstream replies to notes 29b and 30 (2026-10-05)
2027-google-cloud-next-las-vegas-speaking,Cybersecurity,2026-10-05,upstream replies to notes 29b and 30 (2026-10-05)
2027-cdao-defense-security-washington-speaking,Cybersecurity,2026-10-05,upstream replies to notes 29b and 30 (2026-10-05)
2028-world-of-concrete-las-vegas-speaking,Utility,2026-10-05,upstream replies to notes 29b and 30 (2026-10-05)
2026-alpha-summit-paris-speaking,Cybersecurity,2026-10-05,upstream reply
2026-industrial-net-zero-conference-sydney-speaking,Utility,2026-10-06,upstream reply to note 32 (2026-10-06)
